OC,B1,B2,B3,B4,B5,B6,B7,NDVI,B1_bare,B2_bare,B3_bare,B4_bare,B5_bare,B6_bare,B7_bare
2.5,0.0667198,0.0709387,0.122556,0.141999,0.349582,0.309006,0.216917,0.422276288,0.114259703,0.131275,0.188076333,0.244662333,0.367151997,0.441446667,0.35729333
2.7,0.0203034,0.0227335,0.0699629,0.0720994,0.403743,0.22544,0.128753,0.696961011,0.112035,0.120867,0.187002,0.25543901,0.382321,0.46265,0.35282001
2.9,0.0664518,0.0685755,0.114607,0.131696,0.33605,0.234917,0.152932,0.436890962,0.092325467,0.096696767,0.148659,0.243063667,0.361247,0.434933067,0.354317333
3.2,0.0660767,0.0717953,0.110145,0.139914,0.332497,0.341019,0.216442,0.407659856,0.10119185,0.114753,0.17679475,0.2380395,0.334357745,0.435080253,0.353696745
3.3,0.0899574,0.0932713,0.136233,0.164663,0.354007,0.36118,0.247354,0.36505678,0.10119185,0.114753,0.17679475,0.2380395,0.334357745,0.435080253,0.353696745
3.9,0.0883115,0.0943493,0.134208,0.160497,0.306314,0.36031,0.268414,0.312368389,0.0916,0.1014,0.1706,0.2421,0.3408,0.4316,0.3517
3.9,0.0612167,0.0663351,0.109511,0.143685,0.320012,0.29509,0.220943,0.380263405,0.0916,0.1014,0.1706,0.2421,0.3408,0.4316,0.3517
4,0.0485275,0.0558722,0.0968247,0.136206,0.270312,0.326861,0.213081,0.329889451,0.075588825,0.0841932,0.15249125,0.230598753,0.328223622,0.419366568,0.335572725
4,0.036012,0.0354763,0.0701027,0.0822767,0.265198,0.230821,0.149804,0.526430557,0.075588825,0.0841932,0.15249125,0.230598753,0.328223622,0.419366568,0.335572725
4.2,0.044228,0.038101,0.0661572,0.0533874,0.391684,0.189778,0.117217,0.760095122,0.087067067,0.086247,0.140491003,0.230606663,0.318598333,0.411432667,0.32355
4.5,0.0576078,0.0516955,0.0916825,0.0745481,0.400848,0.227053,0.144963,0.686374794,0.102117,0.11555799,0.17033501,0.253175,0.35756999,0.43587401,0.35853001
4.6,0.0741452,0.0776787,0.129224,0.144182,0.473611,0.337852,0.235791,0.533235242,0.0991334,0.1040253,0.160505,0.21642801,0.29169101,0.40490801,0.348568
4.7,0.0570827,0.0615575,0.106747,0.140577,0.346993,0.278401,0.192015,0.423356646,0.0959835,0.1007873,0.1592249,0.217605,0.30284301,0.402418,0.33510599
4.8,0.0870973,0.109329,0.179103,0.256833,0.4289,0.425161,0.270385,0.250924194,0.100688,0.113361,0.182787,0.242801,0.343566,0.42603902,0.34846301
4.9,0.0468833,0.050732,0.0806079,0.116896,0.218509,0.265653,0.182372,0.302956128,0.109235,0.1208655,0.188183,0.246938505,0.346555505,0.427744505,0.349506505
5,0.0674945,0.073471,0.128374,0.14919,0.344004,0.296369,0.200252,0.395004805,0.117782,0.12837,0.193579,0.25107601,0.34954501,0.42944999,0.35055
5,0.0344581,0.0432964,0.0959009,0.125425,0.295715,0.248839,0.166236,0.404354846,0.117782,0.12837,0.193579,0.25107601,0.34954501,0.42944999,0.35055
5,0.0689366,0.0722378,0.122803,0.145048,0.364486,0.323102,0.223132,0.430664097,0.117782,0.12837,0.193579,0.25107601,0.34954501,0.42944999,0.35055
5,0.0184919,0.00729781,0.0232768,0.0051327,0.493229,0.143397,0.0475404,0.979401708,0.117782,0.12837,0.193579,0.25107601,0.34954501,0.42944999,0.35055
5.1,0.0518459,0.0567895,0.0925004,0.128639,0.249556,0.24287,0.167079,0.319721308,0.10312835,0.12259275,0.1861105,0.262193505,0.355781,0.435195495,0.3571395
5.1,0.0644085,0.0660589,0.11905,0.147197,0.305984,0.273666,0.201931,0.35038318,0.10312835,0.12259275,0.1861105,0.262193505,0.355781,0.435195495,0.3571395
5.1,0.0579543,0.0599001,0.127059,0.158791,0.418372,0.340593,0.232498,0.449753363,0.10312835,0.12259275,0.1861105,0.262193505,0.355781,0.435195495,0.3571395
5.2,0.0582399,0.0638057,0.0997846,0.138877,0.258898,0.284725,0.193979,0.301730878,0.101577,0.121435,0.186639,0.25704399,0.332668,0.42655699,0.35498299
5.2,0.0618603,0.0727711,0.120439,0.168465,0.331751,0.340897,0.210666,0.326430982,0.101577,0.121435,0.186639,0.25704399,0.332668,0.42655699,0.35498299
5.2,0.0433182,0.042978,0.0853869,0.0935457,0.347951,0.198075,0.108825,0.576233752,0.101577,0.121435,0.186639,0.25704399,0.332668,0.42655699,0.35498299
5.4,0.0245675,0.0283494,0.0774608,0.110387,0.307849,0.257007,0.18771,0.472130567,0.10419675,0.115375525,0.176586505,0.25601975,0.348643495,0.422728478,0.342055173
5.4,0.050766,0.0495808,0.0930689,0.106561,0.34785,0.214706,0.1443,0.530992868,0.10419675,0.115375525,0.176586505,0.25601975,0.348643495,0.422728478,0.342055173
5.5,0.105428,0.109737,0.136457,0.179993,0.313283,0.351865,0.258756,0.270213836,0.1047452,0.115768667,0.17820167,0.2542333,0.35254233,0.424929003,0.343871663
5.5,0.000764141,0.0058248,0.0561793,0.0860235,0.333893,0.275543,0.199387,0.59028283,0.1047452,0.115768667,0.17820167,0.2542333,0.35254233,0.424929003,0.343871663
5.6,0.11468,0.127837,0.215985,0.252487,0.429108,0.478988,0.377268,0.259128955,0.1037217,0.1099435,0.181375995,0.2492584,0.341038515,0.419394515,0.349676515
5.6,0.0418886,0.0445557,0.0793627,0.113274,0.227533,0.255701,0.178019,0.335260133,0.1037217,0.1099435,0.181375995,0.2492584,0.341038515,0.419394515,0.349676515
5.7,0.0694933,0.0780922,0.127503,0.181006,0.331616,0.281753,0.185641,0.293803231,0.106740957,0.115025644,0.181297943,0.25331429,0.34311157,0.42597314,0.344500141
5.7,0.0316374,0.0325997,0.078178,0.0875775,0.321604,0.209264,0.128333,0.571938125,0.106740957,0.115025644,0.181297943,0.25331429,0.34311157,0.42597314,0.344500141
5.8,0.064411,0.0735106,0.120235,0.171339,0.314659,0.359178,0.242601,0.294898333,0.0900301,0.1042987,0.180081,0.256684,0.349445,0.426673,0.345439
5.8,0.0358839,0.0383979,0.0896975,0.104966,0.403253,0.250108,0.148154,0.586926109,0.0900301,0.1042987,0.180081,0.256684,0.349445,0.426673,0.345439
5.8,0.0196775,0.0163061,0.0538183,0.048833,0.378257,0.141819,0.0804401,0.771322204,0.0900301,0.1042987,0.180081,0.256684,0.349445,0.426673,0.345439
5.9,0.0634576,0.0698058,0.109876,0.148173,0.259977,0.296231,0.20918,0.273928703,0.103645367,0.115246233,0.18680067,0.252287337,0.331325,0.423834337,0.348488327
5.9,0.127692,0.136507,0.210941,0.230685,0.462093,0.43817,0.319032,0.334029083,0.103645367,0.115246233,0.18680067,0.252287337,0.331325,0.423834337,0.348488327
6,0.0461751,0.0567778,0.108868,0.180583,0.317465,0.346202,0.230226,0.274836964,0.110151,0.121952,0.19220801,0.25179601,0.325461,0.432899,0.36706999
6,0.0368849,0.0352534,0.0749542,0.068574,0.389254,0.18848,0.101701,0.700437719,0.110151,0.121952,0.19220801,0.25179601,0.325461,0.432899,0.36706999
6.1,0.0709751,0.0769129,0.119193,0.152199,0.305844,0.290412,0.200074,0.335437939,0.09938935,0.10307965,0.197822498,0.254020248,0.343404003,0.416944005,0.344248748
6.2,0.0555544,0.0667251,0.119962,0.17208,0.306865,0.294092,0.20607,0.281420622,0.09938935,0.10307965,0.197822498,0.254020248,0.343404003,0.416944005,0.344248748
6.2,0.0545085,0.0572318,0.112925,0.148483,0.33679,0.280352,0.191058,0.388043431,0.09938935,0.10307965,0.197822498,0.254020248,0.343404003,0.416944005,0.344248748
6.2,0.055909,0.0593639,0.114334,0.13477,0.337193,0.256235,0.168186,0.428895909,0.09938935,0.10307965,0.197822498,0.254020248,0.343404003,0.416944005,0.344248748
6.2,0.0291495,0.0294065,0.0878901,0.109602,0.375873,0.327761,0.21345,0.548475205,0.09938935,0.10307965,0.197822498,0.254020248,0.343404003,0.416944005,0.344248748
6.3,0.0590203,0.0672264,0.123522,0.164903,0.315794,0.272271,0.184519,0.31390044,0.09333505,0.10484035,0.190594,0.2563285,0.33986299,0.4116865,0.334215505
6.3,0.0538538,0.0623504,0.112237,0.161016,0.332975,0.257881,0.170655,0.348101484,0.09333505,0.10484035,0.190594,0.2563285,0.33986299,0.4116865,0.334215505
6.3,0.0250346,0.0254214,0.0653031,0.0712126,0.283699,0.16752,0.104772,0.598702325,0.09333505,0.10484035,0.190594,0.2563285,0.33986299,0.4116865,0.334215505
6.4,0.0494549,0.0516983,0.123717,0.129808,0.508437,0.298652,0.186962,0.593234573,0.096904275,0.106820175,0.1867385,0.24959275,0.339437245,0.4140075,0.334070753
6.4,0.00976213,0.00869051,0.0484136,0.0433073,0.390083,0.141992,0.0742862,0.800146427,0.096904275,0.106820175,0.1867385,0.24959275,0.339437245,0.4140075,0.334070753
6.5,0.0563844,0.0657113,0.123003,0.157898,0.327111,0.243779,0.163073,0.348886309,0.108534333,0.116252,0.189206,0.244319,0.336563667,0.420050333,0.333934667
6.5,0.0600044,0.0665451,0.11219,0.155311,0.323195,0.258333,0.165769,0.350850355,0.108534333,0.116252,0.189206,0.244319,0.336563667,0.420050333,0.333934667
6.5,0.0181074,0.0145578,0.0520331,0.0570015,0.318544,0.206623,0.125538,0.696433588,0.108534333,0.116252,0.189206,0.244319,0.336563667,0.420050333,0.333934667
6.6,0.0477151,0.0545081,0.101909,0.146026,0.261329,0.293605,0.200981,0.283052865,0.110936,0.1202675,0.1960395,0.260538495,0.320289995,0.409483,0.342740505
6.6,0.0711522,0.08024,0.131689,0.170639,0.312656,0.309103,0.223001,0.293851581,0.110936,0.1202675,0.1960395,0.260538495,0.320289995,0.409483,0.342740505
6.6,0.0287089,0.0317674,0.0907629,0.117007,0.405904,0.301625,0.190369,0.552478338,0.110936,0.1202675,0.1960395,0.260538495,0.320289995,0.409483,0.342740505
6.7,0.0676255,0.0738677,0.128521,0.166625,0.322176,0.273552,0.184424,0.318229709,0.10308195,0.1111292,0.183559003,0.25105575,0.321204245,0.412061753,0.333217003
6.8,0.053123,0.0563725,0.109015,0.133788,0.317573,0.261436,0.168691,0.407179619,0.0952279,0.1019909,0.171078505,0.241573005,0.322118495,0.414640505,0.3236935
6.8,0.0592056,0.0643597,0.140379,0.144989,0.562746,0.250527,0.136799,0.590273195,0.0952279,0.1019909,0.171078505,0.241573005,0.322118495,0.414640505,0.3236935
7.2,0.0516452,0.0529732,0.109332,0.135978,0.320418,0.251862,0.178633,0.404122736,0.0819818,0.091132425,0.17105115,0.245789503,0.331431503,0.41113075,0.336726503
7.3,0.110506,0.117452,0.174365,0.204662,0.38427,0.365057,0.315313,0.304972391,0.073346,0.07740135,0.1574398,0.229767,0.322972,0.411872,0.3396495
7.3,0.0976782,0.106706,0.16646,0.205744,0.386903,0.383902,0.271933,0.305677747,0.073346,0.07740135,0.1574398,0.229767,0.322972,0.411872,0.3396495
7.4,0.0589735,0.0676965,0.113597,0.161616,0.296245,0.279535,0.194234,0.294039021,0.0787414,0.093891333,0.16369233,0.25098966,0.324622667,0.41070534,0.330862333
7.4,0.0480382,0.0472452,0.0960507,0.126662,0.326865,0.268158,0.192878,0.441435681,0.0787414,0.093891333,0.16369233,0.25098966,0.324622667,0.41070534,0.330862333
7.6,0.0799965,0.0793114,0.113368,0.135807,0.279837,0.321513,0.281353,0.346522505,0.086285,0.087736,0.159353,0.227793,0.310306,0.398533,0.32289
7.8,0.0825912,0.0846293,0.127957,0.156351,0.294712,0.239266,0.165968,0.306744291,0.085595898,0.090227768,0.158639168,0.2273335,0.330729668,0.40923733,0.349333502
7.8,0.0364044,0.0407784,0.0988208,0.116591,0.343549,0.214313,0.132072,0.493236841,0.085595898,0.090227768,0.158639168,0.2273335,0.330729668,0.40923733,0.349333502
8,0.0872642,0.083237,0.116218,0.135447,0.296584,0.342067,0.265945,0.37297555,0.09421,0.099542433,0.161318733,0.223022997,0.324153333,0.396218333,0.31354534
8.1,0.0711241,0.0766103,0.121756,0.15708,0.309486,0.308063,0.211997,0.32665475,0.0995337,0.1070897,0.171801003,0.229021753,0.316218,0.404673248,0.332513008
8.1,0.0568375,0.0491267,0.0775588,0.0846301,0.241587,0.22137,0.155742,0.481142466,0.0995337,0.1070897,0.171801003,0.229021753,0.316218,0.404673248,0.332513008
8.2,0.0344909,0.0334828,0.0724931,0.0761716,0.286025,0.179061,0.111565,0.579390861,0.09492265,0.10351025,0.16426875,0.233061,0.339397505,0.4088375,0.330496003
8.2,0.0616592,0.0528221,0.0757863,0.0665876,0.336167,0.163274,0.107137,0.669339096,0.09492265,0.10351025,0.16426875,0.233061,0.339397505,0.4088375,0.330496003
8.3,0.00865479,0.00599444,0.0359646,0.0240554,0.345878,0.122989,0.0613472,0.869947401,0.095347695,0.10718075,0.17698685,0.2447515,0.321029495,0.409315995,0.323806
8.4,0.0634509,0.0655048,0.104787,0.13639,0.252112,0.238927,0.167096,0.297867192,0.098483775,0.105806725,0.169919248,0.239138503,0.325951003,0.4041505,0.338577003
8.5,0.0570832,0.067181,0.115503,0.159907,0.29623,0.230001,0.156877,0.298864157,0.094274033,0.111618633,0.178901997,0.238450667,0.328785997,0.42044,0.335098663
8.8,0.0789032,0.0851054,0.157269,0.183025,0.41702,0.379501,0.267463,0.389962419,0.0985033,0.10630755,0.17769205,0.234525,0.3413215,0.3980145,0.33223
8.8,0.049764,0.0479425,0.0897435,0.0805982,0.345896,0.227685,0.147294,0.62204316,0.0985033,0.10630755,0.17769205,0.234525,0.3413215,0.3980145,0.33223
8.8,0.0141678,0.0107893,0.0543867,0.0278991,0.422074,0.161101,0.0688505,0.875996587,0.0985033,0.10630755,0.17769205,0.234525,0.3413215,0.3980145,0.33223
9,0.0504979,0.0550843,0.110272,0.126582,0.342247,0.221642,0.135107,0.460007807,0.0866092,0.105884,0.17447001,0.25456601,0.33344199,0.412846,0.33315799
9,0.0455238,0.0405269,0.0697364,0.0671894,0.300555,0.211964,0.141014,0.634586414,0.0866092,0.105884,0.17447001,0.25456601,0.33344199,0.412846,0.33315799
9,0.0520283,0.0429141,0.0761679,0.0593143,0.410007,0.18492,0.107471,0.747233718,0.0866092,0.105884,0.17447001,0.25456601,0.33344199,0.412846,0.33315799
9.1,0.0320608,0.0348201,0.0745305,0.0887135,0.321437,0.226041,0.13387,0.567410012,0.094625675,0.100945575,0.1708475,0.23583325,0.3372795,0.417423003,0.331325
9.1,0.029422,0.0230869,0.055464,0.0393,0.476476,0.167216,0.0680723,0.847608264,0.094625675,0.100945575,0.1708475,0.23583325,0.3372795,0.417423003,0.331325
9.2,0.0248892,0.0258367,0.0754789,0.079639,0.339819,0.208631,0.123254,0.620276643,0.0913136,0.1044724,0.159777655,0.216156995,0.322034005,0.39249951,0.309874995
9.3,0.0522386,0.0580019,0.115481,0.140439,0.336264,0.214679,0.135637,0.410790366,0.081492867,0.094405067,0.136438667,0.22523167,0.328921,0.413079997,0.34490033
9.4,0.0817854,0.087411,0.157154,0.22594,0.384584,0.395229,0.308315,0.259848917,0.09048315,0.097667025,0.159935995,0.236563748,0.330475505,0.415353748,0.334280755
9.4,0.0565064,0.0631111,0.119436,0.150531,0.329833,0.227145,0.144491,0.373262776,0.09048315,0.097667025,0.159935995,0.236563748,0.330475505,0.415353748,0.334280755
9.5,0.0270211,0.0234406,0.0709175,0.0638765,0.375167,0.28232,0.166931,0.709019721,0.100102567,0.113515533,0.17547067,0.248554,0.31757234,0.387083993,0.340241003
9.6,0.0950327,0.106684,0.142436,0.194341,0.329005,0.385114,0.264881,0.257313517,0.094049718,0.108307767,0.172020335,0.241222498,0.325271502,0.39915783,0.329041838
9.6,0.0850995,0.105173,0.175054,0.26606,0.474062,0.461071,0.283522,0.281037451,0.094049718,0.108307767,0.172020335,0.241222498,0.325271502,0.39915783,0.329041838
9.6,0.0567471,0.0589626,0.10993,0.128199,0.371768,0.329072,0.228006,0.487170153,0.094049718,0.108307767,0.172020335,0.241222498,0.325271502,0.39915783,0.329041838
9.6,0.0503629,0.0428823,0.0849605,0.0564252,0.440745,0.189172,0.106025,0.773014553,0.094049718,0.108307767,0.172020335,0.241222498,0.325271502,0.39915783,0.329041838
9.6,0.0215139,0.0191807,0.0659017,0.0463558,0.4266,0.203739,0.10221,0.803974071,0.094049718,0.108307767,0.172020335,0.241222498,0.325271502,0.39915783,0.329041838
9.7,0.0654196,0.0720714,0.11407,0.160624,0.283479,0.333015,0.21435,0.276636276,0.092280302,0.10717,0.1739864,0.238202998,0.340459398,0.421543398,0.325139204
9.7,0.064239,0.0576374,0.0804445,0.082078,0.311461,0.159363,0.0950763,0.582872346,0.092280302,0.10717,0.1739864,0.238202998,0.340459398,0.421543398,0.325139204
9.7,0.0396961,0.0386034,0.075646,0.0854062,0.333819,0.248136,0.14704999,0.592552165,0.092280302,0.10717,0.1739864,0.238202998,0.340459398,0.421543398,0.325139204
9.8,0.0536376,0.0511094,0.077824,0.119257,0.203444,0.31716999,0.22820701,0.260882365,0.08797472,0.10341492,0.16978,0.232894002,0.342760802,0.4195396,0.3262514
9.8,0.0716187,0.0758351,0.150072,0.171182,0.381097,0.37494,0.28065,0.380088687,0.08797472,0.10341492,0.16978,0.232894002,0.342760802,0.4195396,0.3262514
9.8,0.056244,0.0496515,0.0768146,0.086891,0.252191,0.262886,0.179966,0.487492701,0.08797472,0.10341492,0.16978,0.232894002,0.342760802,0.4195396,0.3262514
9.8,0.0474927,0.0413723,0.0985054,0.0634249,0.543798,0.134552,0.0602372,0.791098458,0.08797472,0.10341492,0.16978,0.232894002,0.342760802,0.4195396,0.3262514
9.9,0.0688759,0.0668491,0.106091,0.136233,0.268862,0.346026,0.271583,0.327402214,0.0816434,0.09659835,0.162641,0.224920505,0.332286505,0.408123505,0.321657
9.9,0.0447873,0.0550164,0.104687,0.150327,0.313205,0.31247,0.197995,0.351384586,0.0816434,0.09659835,0.162641,0.224920505,0.332286505,0.408123505,0.321657
9.9,0.0500686,0.0549631,0.10355,0.138469,0.298516,0.277967,0.207008,0.366252846,0.0816434,0.09659835,0.162641,0.224920505,0.332286505,0.408123505,0.321657
9.9,0.0170678,0.0157785,0.0482902,0.0706161,0.242245,0.211882,0.144499,0.548578586,0.0816434,0.09659835,0.162641,0.224920505,0.332286505,0.408123505,0.321657
9.9,0.0115035,0.00631398,0.0300154,0.0182448,0.402328,0.115976,0.053334,0.913238326,0.0816434,0.09659835,0.162641,0.224920505,0.332286505,0.408123505,0.321657
10,0.0654044,0.0636629,0.0910237,0.117511,0.222766,0.282695,0.252789,0.309321523,0.080412,0.0869039,0.16231599,0.223598,0.336988,0.40827501,0.338532
10,0.0568557,0.0562848,0.0975407,0.120359,0.31446499,0.32107499,0.234451,0.44640129,0.080412,0.0869039,0.16231599,0.223598,0.336988,0.40827501,0.338532
10,0.0208196,0.0183129,0.0583726,0.056051,0.354998,0.189288,0.104842,0.727278256,0.080412,0.0869039,0.16231599,0.223598,0.336988,0.40827501,0.338532
10.1,0.0671084,0.0688664,0.105183,0.131453,0.28168,0.331394,0.239098,0.363628662,0.0962763,0.0996055,0.15019099,0.23399401,0.328041,0.40540499,0.33816899
10.1,0.0295283,0.0320107,0.0686336,0.0887725,0.245846,0.27162,0.18907,0.469410687,0.0962763,0.0996055,0.15019099,0.23399401,0.328041,0.40540499,0.33816899
10.1,0.0322933,0.0341347,0.0741919,0.0885204,0.303341,0.219544,0.129236,0.548205565,0.0962763,0.0996055,0.15019099,0.23399401,0.328041,0.40540499,0.33816899
10.1,0.0480585,0.0470905,0.0846349,0.0867994,0.356294,0.193595,0.114916,0.608211722,0.0962763,0.0996055,0.15019099,0.23399401,0.328041,0.40540499,0.33816899
10.1,0.0394132,0.0357363,0.0711903,0.0660005,0.319736,0.176695,0.105148,0.657794894,0.0962763,0.0996055,0.15019099,0.23399401,0.328041,0.40540499,0.33816899
10.4,0.0729782,0.0832376,0.129177,0.178257,0.297848,0.256185,0.172949,0.251186188,0.125734667,0.135283997,0.19564567,0.250455997,0.346368,0.415745337,0.338173327
10.4,0.0833596,0.0785558,0.113956,0.136091,0.284496,0.312353,0.247144,0.352852085,0.125734667,0.135283997,0.19564567,0.250455997,0.346368,0.415745337,0.338173327
10.5,0.0384184,0.0451772,0.080194,0.120987,0.254525,0.257067,0.168699,0.355615799,0.104310271,0.110138084,0.181437213,0.25226143,0.3340125,0.421342574,0.342368851
10.5,0.0476499,0.0511107,0.0975745,0.12645,0.305622,0.275089,0.202001,0.414680887,0.104310271,0.110138084,0.181437213,0.25226143,0.3340125,0.421342574,0.342368851
10.5,0.0324382,0.0357454,0.0877106,0.0955843,0.342162,0.168606,0.0952177,0.563289056,0.104310271,0.110138084,0.181437213,0.25226143,0.3340125,0.421342574,0.342368851
10.6,0.0587215,0.0529583,0.0947465,0.0845489,0.36545,0.246083,0.162552,0.624226193,0.097032125,0.099595613,0.167977988,0.23743,0.332611126,0.414716121,0.33373825
10.7,0.0838256,0.0915738,0.135803,0.18781701,0.31542099,0.325293,0.20492899,0.253565867,0.093953275,0.097945825,0.16699585,0.234471748,0.331578253,0.411297745,0.329962505
10.7,0.086583,0.117057,0.202163,0.300771,0.530158,0.490792,0.28089,0.276060891,0.093953275,0.097945825,0.16699585,0.234471748,0.331578253,0.411297745,0.329962505
10.8,0.0625874,0.0601441,0.095967,0.122671,0.239575,0.287106,0.228651,0.32271992,0.08917345,0.094542515,0.158392618,0.240404333,0.339135498,0.42188617,0.332787163
10.8,0.0397733,0.0422228,0.0809559,0.103689,0.279468,0.239539,0.169686,0.458764945,0.08917345,0.094542515,0.158392618,0.240404333,0.339135498,0.42188617,0.332787163
10.8,0.0180569,0.0100691,0.0302004,0.0140324,0.401279,0.107291,0.0471336,0.932424682,0.08917345,0.094542515,0.158392618,0.240404333,0.339135498,0.42188617,0.332787163
10.9,0.116562,0.124199,0.195235,0.229574,0.429987,0.413467,0.324126,0.303858172,0.079984933,0.08889767,0.149970333,0.222388663,0.315908337,0.405442683,0.336170993
10.9,0.0450983,0.0455894,0.0790986,0.0925306,0.205215,0.24369,0.179501,0.378458657,0.079984933,0.08889767,0.149970333,0.222388663,0.315908337,0.405442683,0.336170993
10.9,0.0519886,0.0547079,0.101687,0.109873,0.337739,0.22018,0.138421,0.509070356,0.079984933,0.08889767,0.149970333,0.222388663,0.315908337,0.405442683,0.336170993
10.9,0.034906,0.0420447,0.0854094,0.0999137,0.32971,0.27873,0.18017,0.534878081,0.079984933,0.08889767,0.149970333,0.222388663,0.315908337,0.405442683,0.336170993
11,0.079082,0.0900941,0.142668,0.186621,0.359676,0.384552,0.263388,0.316778236,0.0881507,0.110966,0.181741,0.236334,0.323989,0.403843,0.323989
11,0.0774098,0.0779195,0.108779,0.134346,0.320645,0.292272,0.183764,0.409456451,0.0881507,0.110966,0.181741,0.236334,0.323989,0.403843,0.323989
11,0.0523038,0.0574493,0.113993,0.131997,0.404387,0.296434,0.205649,0.507826483,0.0881507,0.110966,0.181741,0.236334,0.323989,0.403843,0.323989
11.1,0.0127931,0.0182689,0.0763632,0.14768,0.306439,0.336505,0.259003,0.349597793,0.087357575,0.100380825,0.162902,0.224352503,0.324944748,0.395992998,0.304779503
11.1,0.0625879,0.0518889,0.0784099,0.0683079,0.356902,0.156987,0.0927089,0.678709738,0.087357575,0.100380825,0.162902,0.224352503,0.324944748,0.395992998,0.304779503
11.2,0.0577764,0.0650992,0.119877,0.152929,0.331295,0.296872,0.19615,0.368354315,0.08928155,0.099917,0.164055,0.237096005,0.342851495,0.407762495,0.305580005
11.2,0.0226186,0.0165966,0.0457492,0.0376766,0.297252,0.112373,0.0578781,0.775017123,0.08928155,0.099917,0.164055,0.237096005,0.342851495,0.407762495,0.305580005
11.3,0.104793,0.107991,0.150935,0.197264,0.355928,0.366263,0.242312,0.286815428,0.09135295,0.0917792,0.15580155,0.2260945,0.320858505,0.394847745,0.32346025
11.3,0.043289,0.0469858,0.100758,0.122723,0.342057,0.274513,0.186886,0.47190929,0.09135295,0.0917792,0.15580155,0.2260945,0.320858505,0.394847745,0.32346025
11.3,0.046362,0.0472779,0.0944474,0.0943795,0.403759,0.239552,0.146371,0.621071248,0.09135295,0.0917792,0.15580155,0.2260945,0.320858505,0.394847745,0.32346025
11.3,0.0244768,0.0227343,0.0546499,0.0597657,0.295149,0.157938,0.0911882,0.663210907,0.09135295,0.0917792,0.15580155,0.2260945,0.320858505,0.394847745,0.32346025
11.5,0.0819265,0.0977164,0.149391,0.203493,0.350927,0.420788,0.277496,0.26592475,0.096497267,0.107067333,0.177569663,0.253586333,0.36059434,0.430716663,0.355695007
11.5,0.0548763,0.0595111,0.0973481,0.124688,0.247787,0.339005,0.241901,0.330489295,0.096497267,0.107067333,0.177569663,0.253586333,0.36059434,0.430716663,0.355695007
11.5,0.0615236,0.0627993,0.101589,0.116825,0.305535,0.292075,0.193523,0.446798939,0.096497267,0.107067333,0.177569663,0.253586333,0.36059434,0.430716663,0.355695007
11.5,0.044537,0.0450753,0.0905356,0.104001,0.372611,0.268454,0.176011,0.563582117,0.096497267,0.107067333,0.177569663,0.253586333,0.36059434,0.430716663,0.355695007
11.6,0.0684379,0.0673522,0.0949332,0.111993,0.207278,0.279426,0.217307,0.298445521,0.09963007,0.107733137,0.165389117,0.218809217,0.316567363,0.380261943,0.30733432
11.6,0.0229962,0.0214029,0.0714121,0.069161,0.3805,0.240385,0.137351,0.692386042,0.09963007,0.107733137,0.165389117,0.218809217,0.316567363,0.380261943,0.30733432
11.6,0.0630481,0.0576039,0.0930598,0.0797264,0.466971,0.245555,0.159065,0.708334446,0.09963007,0.107733137,0.165389117,0.218809217,0.316567363,0.380261943,0.30733432
11.7,0.0473175,0.0462178,0.0782053,0.0936223,0.303809,0.21523,0.14249,0.528862976,0.09462135,0.097956017,0.167932863,0.234370168,0.322761172,0.408918333,0.319655338
11.8,0.0840471,0.0938072,0.132853,0.182689,0.331945,0.39254,0.277327,0.29002359,0.1110605,0.1217685,0.17883,0.24263,0.3666725,0.4271775,0.3096195
11.8,0.052711,0.0563412,0.115528,0.151209,0.396273,0.303155,0.214652,0.447620196,0.1110605,0.1217685,0.17883,0.24263,0.3666725,0.4271775,0.3096195
11.9,0.0625609,0.0724876,0.111272,0.158508,0.276747,0.378761,0.266266,0.271654547,0.10978,0.12146,0.181477,0.248821,0.358013,0.424293,0.327934
11.9,0.0673615,0.0714328,0.110856,0.151018,0.3131,0.373525,0.249985,0.349225843,0.10978,0.12146,0.181477,0.248821,0.358013,0.424293,0.327934
11.9,0.0703477,0.0631578,0.0959203,0.105836,0.301841,0.317863,0.22425,0.480785033,0.10978,0.12146,0.181477,0.248821,0.358013,0.424293,0.327934
11.9,0.0522014,0.0543691,0.120018,0.140326,0.452938,0.354374,0.23469,0.526935732,0.10978,0.12146,0.181477,0.248821,0.358013,0.424293,0.327934
11.9,0.0323566,0.0321428,0.0760367,0.0825574,0.323397,0.212016,0.132376,0.593267618,0.10978,0.12146,0.181477,0.248821,0.358013,0.424293,0.327934
12.1,0.0687275,0.0685636,0.102759,0.133908,0.325867,0.388641,0.248932,0.417506389,0.0947398,0.09573015,0.161336,0.235391495,0.32706399,0.404545,0.3256945
12.1,0.0487041,0.0496321,0.0954298,0.0855655,0.428269,0.213813,0.125164,0.666953075,0.0947398,0.09573015,0.161336,0.235391495,0.32706399,0.404545,0.3256945
12.2,0.0577326,0.0761275,0.131422,0.198052,0.360255,0.426394,0.271008,0.290526538,0.102524167,0.104836033,0.162052007,0.248314337,0.328834333,0.401149997,0.32885267
12.2,0.0482374,0.052679,0.120943,0.160001,0.350064,0.334266,0.238135,0.372625058,0.102524167,0.104836033,0.162052007,0.248314337,0.328834333,0.401149997,0.32885267
12.2,0.038693,0.0404558,0.0939182,0.102092,0.346983,0.206031,0.127013,0.545323164,0.102524167,0.104836033,0.162052007,0.248314337,0.328834333,0.401149997,0.32885267
12.3,0.0548263,0.0615722,0.112912,0.172288,0.305051,0.338378,0.255635,0.278131475,0.0921879,0.103033633,0.159121,0.2369,0.344913,0.40942567,0.314095663
12.3,0.0665068,0.0593094,0.0976905,0.0986132,0.303682,0.256142,0.170621,0.509747071,0.0921879,0.103033633,0.159121,0.2369,0.344913,0.40942567,0.314095663
12.3,0.0487636,0.0469466,0.0959139,0.0938856,0.369938,0.228485,0.142478,0.595166783,0.0921879,0.103033633,0.159121,0.2369,0.344913,0.40942567,0.314095663
12.3,0.0273451,0.0253278,0.0614629,0.0612359,0.334707,0.193784,0.115627,0.690683177,0.0921879,0.103033633,0.159121,0.2369,0.344913,0.40942567,0.314095663
12.4,0.0377841,0.0383043,0.0909548,0.114003,0.357232,0.250089,0.181974,0.516152238,0.0817518,0.0831473,0.120666,0.217334,0.307229,0.38576001,0.31457599
12.5,0.122401,0.127057,0.163254,0.198542,0.382475,0.355316,0.25007,0.316570772,0.08345495,0.09180375,0.144693005,0.206755995,0.303293505,0.3850415,0.315875
12.5,0.0842676,0.0824775,0.114798,0.128648,0.278606,0.307304,0.232656,0.368217378,0.08345495,0.09180375,0.144693005,0.206755995,0.303293505,0.3850415,0.315875
12.5,0.0352855,0.0388537,0.0862238,0.121981,0.303162,0.286302,0.2245,0.426164843,0.08345495,0.09180375,0.144693005,0.206755995,0.303293505,0.3850415,0.315875
12.5,0.0747122,0.0712034,0.115348,0.112138,0.383561,0.286583,0.185424,0.547556077,0.08345495,0.09180375,0.144693005,0.206755995,0.303293505,0.3850415,0.315875
12.5,0.06347811,0.05146426,0.0767737,0.0658341,0.31245187,0.17314802,0.08340585,0.651934752,0.08345495,0.09180375,0.144693005,0.206755995,0.303293505,0.3850415,0.315875
12.5,0.0532775,0.0494509,0.0928229,0.0945943,0.470489,0.201809,0.112902,0.665202281,0.08345495,0.09180375,0.144693005,0.206755995,0.303293505,0.3850415,0.315875
12.5,0.0341926,0.0291769,0.0608222,0.0553063,0.316947,0.213552,0.117188,0.70285663,0.08345495,0.09180375,0.144693005,0.206755995,0.303293505,0.3850415,0.315875
12.6,0.064462,0.0639225,0.100084,0.120813,0.256496,0.2974,0.214051,0.359607112,0.078682233,0.092276733,0.15330967,0.231770333,0.339891,0.405967667,0.31647467
12.7,0.0545633,0.0516673,0.0787255,0.089381,0.256268,0.291656,0.190271,0.482822169,0.0858397,0.0904656,0.15023634,0.230629333,0.311620667,0.394762,0.315571333
12.7,0.0416324,0.0387333,0.0661509,0.0600963,0.291572,0.207377,0.14817,0.658221682,0.0858397,0.0904656,0.15023634,0.230629333,0.311620667,0.394762,0.315571333
12.8,0.0597549,0.0622253,0.118967,0.159718,0.326683,0.321927,0.247836,0.343266153,0.093776567,0.1005088,0.154743337,0.23265333,0.316892337,0.40276833,0.323044
12.8,0.0269643,0.0241013,0.0585654,0.0671841,0.300203,0.164813,0.100582,0.634259886,0.093776567,0.1005088,0.154743337,0.23265333,0.316892337,0.40276833,0.323044
12.8,0.0378807,0.0275238,0.0490632,0.0257801,0.413344,0.120995,0.0487321,0.882583989,0.093776567,0.1005088,0.154743337,0.23265333,0.316892337,0.40276833,0.323044
12.9,0.0521952,0.0547495,0.0969557,0.121814,0.303538,0.241377,0.155949,0.427232034,0.086317,0.0957733,0.158199402,0.234727996,0.320814002,0.4040142,0.3237584
12.9,0.0503642,0.0504206,0.087768,0.0976339,0.303591,0.205603,0.129426,0.513320833,0.086317,0.0957733,0.158199402,0.234727996,0.320814002,0.4040142,0.3237584
13,0.0522481,0.0748602,0.135055,0.202531,0.378423,0.409105,0.257716,0.302764074,0.091029975,0.104638275,0.16522325,0.235438243,0.325066753,0.405053253,0.323547745
13,0.0183508,0.0281001,0.0990088,0.156092,0.329361,0.336598,0.267491,0.356922297,0.091029975,0.104638275,0.16522325,0.235438243,0.325066753,0.405053253,0.323547745
13,0.0733094,0.0780948,0.133733,0.141734,0.299907,0.323358,0.259598,0.35814836,0.091029975,0.104638275,0.16522325,0.235438243,0.325066753,0.405053253,0.323547745
13.2,0.08328,0.105325,0.17239401,0.245573,0.422335,0.46762899,0.30577201,0.264650221,0.08701275,0.09350425,0.154128995,0.218754005,0.332205005,0.390249505,0.279722005
13.2,0.0645567,0.0576492,0.0890346,0.0880607,0.232263,0.211012,0.132773,0.450176806,0.08701275,0.09350425,0.154128995,0.218754005,0.332205005,0.390249505,0.279722005
13.3,0.0754045,0.08573,0.134414,0.187596,0.333412,0.401876,0.276605,0.279872862,0.083694,0.101667,0.161489,0.227756,0.35742,0.430938,0.299033
13.3,0.0752994,0.08783,0.141617,0.204782,0.364407,0.444663,0.313002,0.280442876,0.083694,0.101667,0.161489,0.227756,0.35742,0.430938,0.299033
13.3,0.0869875,0.0911276,0.13998,0.164371,0.343319,0.339242,0.242483,0.352474935,0.083694,0.101667,0.161489,0.227756,0.35742,0.430938,0.299033
13.4,0.034608,0.0380845,0.0806105,0.113123,0.253231,0.248134,0.186313,0.382438843,0.0957311,0.09419682,0.162181796,0.2277538,0.322413404,0.399083002,0.3166316
13.5,0.0509027,0.0533743,0.111767,0.116002,0.359514,0.213367,0.131779,0.512100539,0.0936923,0.106142,0.167726,0.234381,0.323827,0.40363701,0.326536
13.5,0.0364829,0.0379097,0.0729437,0.0723364,0.379472,0.194617,0.104378,0.679791699,0.0936923,0.106142,0.167726,0.234381,0.323827,0.40363701,0.326536
13.6,0.0683136,0.0727673,0.112444,0.169005,0.362212,0.291728,0.157299,0.363706357,0.09300175,0.100438023,0.172675753,0.244031752,0.337588753,0.414567995,0.334809
13.8,0.0544138,0.0548287,0.0843483,0.105553,0.188058,0.264576,0.208943,0.281001052,0.102134933,0.098281,0.1632448,0.225112337,0.328902,0.39575567,0.308699333
13.8,0.0354698,0.0322864,0.0666158,0.0754782,0.29121,0.180639,0.112527,0.588324904,0.102134933,0.098281,0.1632448,0.225112337,0.328902,0.39575567,0.308699333
13.9,0.0684859,0.0788531,0.14167,0.23779,0.545461,0.435456,0.213977,0.392812776,0.113294,0.093856,0.16794901,0.23420099,0.324358,0.40839699,0.325705
14,0.0559505,0.062026,0.104668,0.143105,0.325387,0.361365,0.234707,0.389082418,0.0824377,0.0941647,0.144906495,0.2033495,0.322629005,0.40986949,0.281336995
14,0.0392123,0.0417598,0.090649,0.0997123,0.302956,0.247863,0.173322,0.504742241,0.0824377,0.0941647,0.144906495,0.2033495,0.322629005,0.40986949,0.281336995
14,0.0237359,0.027129,0.0751026,0.0910814,0.325036,0.260135,0.181152,0.562232197,0.0824377,0.0941647,0.144906495,0.2033495,0.322629005,0.40986949,0.281336995
14.1,0.0665094,0.0720467,0.109116,0.143708,0.320576,0.344522,0.225208,0.380947868,0.089347033,0.0937039,0.155882333,0.234334333,0.323374667,0.41162533,0.329229667
14.1,0.0771592,0.0732913,0.126193,0.13096,0.421833,0.251657,0.165909,0.526187922,0.089347033,0.0937039,0.155882333,0.234334333,0.323374667,0.41162533,0.329229667
14.2,0.0734892,0.0850807,0.13646,0.198821,0.340246,0.402075,0.262178,0.262351433,0.0990836,0.10311845,0.1519955,0.1934885,0.2993895,0.386046,0.306562
14.3,0.0694221,0.0768156,0.121106,0.15668,0.30084,0.366264,0.249281,0.315090051,0.082199,0.081716,0.153756,0.275718,0.36954299,0.419193,0.33480901
14.3,0.0594729,0.0741081,0.13491,0.176319,0.343757,0.363363,0.240399,0.3219491,0.082199,0.081716,0.153756,0.275718,0.36954299,0.419193,0.33480901
14.3,0.0159228,0.0101249,0.0408121,0.0224691,0.370092,0.122027,0.04568,0.885525591,0.082199,0.081716,0.153756,0.275718,0.36954299,0.419193,0.33480901
14.4,0.0525493,0.0587256,0.0992994,0.129975,0.219185,0.222504,0.154215,0.255498912,0.081537125,0.09375885,0.154551248,0.22611825,0.337292503,0.418648248,0.313101003
14.4,0.0660773,0.0676694,0.103613,0.119202,0.286717,0.30317,0.207526,0.412680855,0.081537125,0.09375885,0.154551248,0.22611825,0.337292503,0.418648248,0.313101003
14.4,0.0252972,0.025237,0.0752048,0.0849739,0.291125,0.294653,0.197661,0.548130026,0.081537125,0.09375885,0.154551248,0.22611825,0.337292503,0.418648248,0.313101003
14.4,0.0574002,0.0554004,0.0943934,0.0916418,0.402128,0.251454,0.160906,0.628807594,0.081537125,0.09375885,0.154551248,0.22611825,0.337292503,0.418648248,0.313101003
14.5,0.0647078,0.0752181,0.122976,0.180605,0.306007,0.383232,0.269494,0.25770429,0.105409,0.104467,0.178028495,0.222923,0.30372549,0.3943735,0.294406
14.5,0.058134,0.0697418,0.124794,0.173404,0.306536,0.289884,0.209513,0.277393007,0.105409,0.104467,0.178028495,0.222923,0.30372549,0.3943735,0.294406
14.5,0.0118158,0.00685409,0.0268381,0.0199644,0.385491,0.0966794,0.0461909,0.901521104,0.105409,0.104467,0.178028495,0.222923,0.30372549,0.3943735,0.294406
14.6,0.0870017,0.0993393,0.162877,0.218564,0.431892,0.386841,0.260943,0.327966842,0.094847,0.10843501,0.151506,0.22351299,0.32602699,0.40670699,0.30152199
14.6,0.0620331,0.0753766,0.125906,0.195428,0.397404,0.3374,0.182272,0.340696858,0.094847,0.10843501,0.151506,0.22351299,0.32602699,0.40670699,0.30152199
14.6,0.0641089,0.0628464,0.0955413,0.114176,0.252815,0.275107,0.228923,0.377772207,0.094847,0.10843501,0.151506,0.22351299,0.32602699,0.40670699,0.30152199
14.6,0.0553741,0.0553393,0.103533,0.108899,0.351561,0.229095,0.143537,0.526999088,0.094847,0.10843501,0.151506,0.22351299,0.32602699,0.40670699,0.30152199
14.6,0.0355675,0.0278079,0.0550465,0.0382342,0.356102,0.14675,0.0793168,0.806083236,0.094847,0.10843501,0.151506,0.22351299,0.32602699,0.40670699,0.30152199
14.7,0.028353,0.0297622,0.0831817,0.125011,0.32421,0.328979,0.236053,0.443432075,0.085279228,0.090343203,0.14769821,0.228420818,0.305882365,0.39835839,0.331987485
14.7,0.0253279,0.0188971,0.0507283,0.0431166,0.270743,0.11129,0.0598197,0.725249124,0.085279228,0.090343203,0.14769821,0.228420818,0.305882365,0.39835839,0.331987485
14.8,0.0440817,0.0463838,0.075965,0.103957,0.288039,0.196699,0.129631,0.469601731,0.094579713,0.1009797,0.168105732,0.240501965,0.336555832,0.413250165,0.333828668
14.9,0.0570115,0.0510572,0.0878345,0.0868172,0.37359,0.176325,0.0956578,0.622867757,0.1009183,0.11074815,0.177397505,0.235607995,0.3631635,0.434056005,0.341806
14.9,0.0266272,0.0251762,0.0722727,0.0751143,0.373519,0.260454,0.163018,0.665141665,0.1009183,0.11074815,0.177397505,0.235607995,0.3631635,0.434056005,0.341806
15,0.048946,0.0591468,0.103133,0.147567,0.274326,0.3142,0.225023,0.300452958,0.08601335,0.0993484,0.1531885,0.215744,0.310955995,0.382943005,0.318522995
15,0.0391773,0.0412486,0.0945211,0.109567,0.316858,0.216381,0.137771,0.486113619,0.08601335,0.0993484,0.1531885,0.215744,0.310955995,0.382943005,0.318522995
15.2,0.120203,0.130392,0.187315,0.249011,0.418274,0.462721,0.315774,0.253659231,0.095263875,0.1076302,0.166847998,0.228011748,0.314661998,0.384418998,0.317052997
15.3,0.0449803,0.0513029,0.10627,0.140944,0.294583,0.33542,0.240883,0.35276573,0.1045144,0.115912,0.180507495,0.240279495,0.318368,0.38589499,0.315583
15.5,0.0735153,0.0836704,0.129411,0.177637,0.325765,0.405375,0.261741,0.294253896,0.097243533,0.087797733,0.167419337,0.22742934,0.325208337,0.396044327,0.314924007
15.5,0.0327548,0.0275788,0.0632647,0.0493907,0.439473,0.138686,0.0658021,0.797936726,0.097243533,0.087797733,0.167419337,0.22742934,0.325208337,0.396044327,0.314924007
15.8,0.0704254,0.0873941,0.1445,0.211989,0.366419,0.417757,0.278662,0.266991466,0.0880745,0.0988367,0.158182,0.23696901,0.31494401,0.39239801,0.31319601
15.8,0.0274759,0.0194261,0.0370073,0.0251221,0.325339,0.1274,0.064607,0.856634017,0.0880745,0.0988367,0.158182,0.23696901,0.31494401,0.39239801,0.31319601
16,0.0355068,0.0373335,0.0958697,0.116492,0.399112,0.306093,0.193996,0.548133839,0.102421,0.106974,0.175281005,0.236609495,0.321016495,0.390368995,0.311121005
16,0.0274028,0.0248958,0.0612619,0.0453046,0.417493,0.20228,0.104835,0.804214196,0.102421,0.106974,0.175281005,0.236609495,0.321016495,0.390368995,0.311121005
16.2,0.0767708,0.088509,0.137677,0.181006,0.354049,0.308351,0.205389,0.323411612,0.0956688,0.102566833,0.165688668,0.229836663,0.326040832,0.399379833,0.31779817
16.4,0.0314345,0.0325878,0.0703314,0.0771225,0.279687,0.22028,0.157174,0.567710501,0.09429,0.09981,0.158928,0.225521,0.31291301,0.39307801,0.31556701
16.4,0.018429,0.0177341,0.0554318,0.0450846,0.328383,0.149213,0.0803896,0.758562189,0.09429,0.09981,0.158928,0.225521,0.31291301,0.39307801,0.31556701
16.8,0.0578016,0.069299,0.11811,0.17668,0.308934,0.391283,0.285106,0.272343878,0.08968362,0.09995878,0.1601116,0.2314996,0.319931606,0.398288802,0.331823998
16.9,0.0762609,0.0846272,0.134915,0.202668,0.358041,0.365192,0.212866,0.277100956,0.1048796,0.114292,0.17084025,0.226735,0.318102253,0.402281998,0.319467748
16.9,0.0647322,0.0681051,0.115303,0.138322,0.290983,0.270791,0.184673,0.355600331,0.1048796,0.114292,0.17084025,0.226735,0.318102253,0.402281998,0.319467748
16.9,0.0554332,0.0519853,0.0912975,0.09915,0.29985,0.296317,0.213253,0.503007519,0.1048796,0.114292,0.17084025,0.226735,0.318102253,0.402281998,0.319467748
16.9,0.0401451,0.0439266,0.105969,0.120933,0.387846,0.30238,0.198757,0.524614813,0.1048796,0.114292,0.17084025,0.226735,0.318102253,0.402281998,0.319467748
16.9,0.06116379,0.05494628,0.09020461,0.07327361,0.45675784,0.16693506,0.09639463,0.723512218,0.1048796,0.114292,0.17084025,0.226735,0.318102253,0.402281998,0.319467748
17,0.0367167,0.035587,0.0727075,0.0791941,0.280141,0.215255,0.127905,0.559218679,0.08761585,0.09448605,0.160972005,0.230275,0.310672,0.387796495,0.305305495
17,0.0317968,0.0313625,0.0772422,0.0793863,0.373354,0.185784,0.107737,0.649307561,0.08761585,0.09448605,0.160972005,0.230275,0.310672,0.387796495,0.305305495
17.1,0.0672876,0.0774407,0.12811,0.181922,0.342229,0.350692,0.238916,0.305841256,0.1050923,0.122083,0.184491,0.253830495,0.344246,0.386878505,0.291630505
17.1,0.0631001,0.0572232,0.0813456,0.0860367,0.253904,0.242489,0.15986,0.49381348,0.1050923,0.122083,0.184491,0.253830495,0.344246,0.386878505,0.291630505
17.1,0.0381655,0.0398735,0.0883347,0.088151,0.374199,0.2021,0.118455,0.618682816,0.1050923,0.122083,0.184491,0.253830495,0.344246,0.386878505,0.291630505
17.2,0.0391207,0.0427343,0.0825294,0.103361,0.238864,0.271076,0.188064,0.395947111,0.1058005,0.1107154,0.181878,0.248940005,0.328099505,0.3888435,0.3026555
17.2,0.0280537,0.0258513,0.0666896,0.0600435,0.38834,0.184636,0.102163,0.732177924,0.1058005,0.1107154,0.181878,0.248940005,0.328099505,0.3888435,0.3026555
17.3,0.0654916,0.0690595,0.12418,0.13037,0.410335,0.311466,0.202212,0.517777716,0.08690575,0.0918099,0.16028,0.2261815,0.30175401,0.367505,0.293500495
17.3,0.0467785,0.0470236,0.0967937,0.109518,0.349096,0.190604,0.116047,0.52239574,0.08690575,0.0918099,0.16028,0.2261815,0.30175401,0.367505,0.293500495
17.3,0.0356088,0.0284326,0.0569298,0.0459708,0.300197,0.205104,0.100821,0.73440164,0.08690575,0.0918099,0.16028,0.2261815,0.30175401,0.367505,0.293500495
17.4,0.0390622,0.0361928,0.0807404,0.0785912,0.44466901,0.193951,0.104099,0.699609493,0.0781236,0.0818829,0.147734,0.218493,0.299282707,0.370740333,0.298075663
17.5,0.0630505,0.0571686,0.0784372,0.087345,0.223959,0.228697,0.179318,0.438844345,0.0758684,0.08324495,0.1432245,0.212835995,0.293856055,0.365169,0.296261995
17.7,0.0945383,0.107038,0.157616,0.220579,0.377224,0.409073,0.255118,0.262034483,0.093724745,0.100452,0.163232505,0.228333005,0.312838995,0.3756755,0.296285
17.8,0.0554331,0.0625009,0.105615,0.155909,0.301988,0.375737,0.264904,0.319021527,0.089087395,0.09510825,0.153730005,0.221599,0.308565505,0.37853649,0.29805901
18.1,0.0523054,0.0645521,0.10688,0.162346,0.353012,0.422832,0.254875,0.369968061,0.070954,0.0807182,0.138198,0.211636495,0.306699005,0.38239,0.29894101
18.3,0.0640957,0.0728472,0.11309,0.15299,0.259928,0.354086,0.255984,0.258981202,0.0769152,0.07930295,0.1369282,0.2119165,0.310823,0.381490995,0.298731505
18.3,0.105726,0.119851,0.18233401,0.24681599,0.46980199,0.39725101,0.267322,0.311164395,0.0769152,0.07930295,0.1369282,0.2119165,0.310823,0.381490995,0.298731505
18.3,0.0704802,0.0667802,0.0943466,0.106851,0.230135,0.232466,0.180778,0.365843091,0.0769152,0.07930295,0.1369282,0.2119165,0.310823,0.381490995,0.298731505
18.3,0.0436252,0.0377204,0.062627,0.0620691,0.285755,0.188398,0.119202,0.643100636,0.0769152,0.07930295,0.1369282,0.2119165,0.310823,0.381490995,0.298731505
18.5,0.0560314,0.0734265,0.1341,0.212534,0.354572,0.356461,0.224308,0.250461113,0.0718565,0.0864168,0.151086,0.233173,0.334333,0.38977099,0.312948
18.5,0.032302,0.0303925,0.0541771,0.0696793,0.141642,0.22875,0.176227,0.340536898,0.0718565,0.0864168,0.151086,0.233173,0.334333,0.38977099,0.312948
18.7,0.0172492,0.0123866,0.0415822,0.0257985,0.428328,0.130486,0.0596919,0.886381878,0.0776497,0.0868909,0.152668495,0.2272925,0.322973995,0.37091199,0.306577495
18.8,0.0159057,0.0071844,0.0182485,0.00733506,0.279056,0.0478708,0.0198231,0.948775915,0.0834429,0.087365,0.15425099,0.221412,0.31161499,0.35205299,0.30020699
18.8,0.0295506,0.0291821,0.0650637,0.0786015,0.304895,0.168596,0.0958366,0.590079701,0.0834429,0.087365,0.15425099,0.221412,0.31161499,0.35205299,0.30020699
19,0.0400635,0.0445222,0.0821031,0.106064,0.315485,0.22614,0.13912,0.496789223,0.07778245,0.0840695,0.148864995,0.2184545,0.315032995,0.366744995,0.303806995
19.1,0.0816072,0.0887259,0.140004,0.189276,0.348892,0.422641,0.298422,0.296591399,0.072122,0.080774,0.143479,0.215497,0.318451,0.381437,0.307407
19.1,0.043564,0.0452547,0.0807178,0.0899024,0.263824,0.250469,0.174247,0.491683968,0.072122,0.080774,0.143479,0.215497,0.318451,0.381437,0.307407
19.1,0.0136141,0.0145717,0.0530656,0.0627892,0.311324,0.170433,0.106924,0.664330475,0.072122,0.080774,0.143479,0.215497,0.318451,0.381437,0.307407
19.3,0.0526564,0.0480365,0.0674286,0.0946885,0.194916,0.193671,0.136761,0.346084056,0.06885825,0.0625294,0.13052625,0.193293395,0.282631495,0.356773495,0.288921005
19.3,0.05718385,0.04484824,0.06862817,0.05605167,0.36243558,0.16352521,0.0763934,0.732122448,0.06885825,0.0625294,0.13052625,0.193293395,0.282631495,0.356773495,0.288921005
19.4,0.0465692,0.0644869,0.124689,0.195077,0.395526,0.446356,0.270673,0.339397192,0.0700843,0.061441,0.1447155,0.2192648,0.311399,0.371077,0.292702
19.4,0.0782171,0.0795122,0.125704,0.157565,0.327303,0.328783,0.229916,0.350070535,0.0700843,0.061441,0.1447155,0.2192648,0.311399,0.371077,0.292702
19.4,0.0262359,0.035705,0.101948,0.140229,0.343579,0.291636,0.211129,0.420311363,0.0700843,0.061441,0.1447155,0.2192648,0.311399,0.371077,0.292702
19.5,0.0467932,0.0541554,0.0953344,0.136435,0.247209,0.249172,0.17824,0.288741646,0.0830641,0.0870398,0.126203,0.167961,0.261914,0.323138,0.284261
19.6,0.0337698,0.0403152,0.0821427,0.118712,0.30341,0.362715,0.224691,0.437546491,0.0865728,0.085778933,0.1442705,0.1980826,0.301338667,0.344397333,0.279246333
19.6,0.00997231,0.00558094,0.0295342,0.0166454,0.406123,0.124371,0.0584844,0.921255231,0.0865728,0.085778933,0.1442705,0.1980826,0.301338667,0.344397333,0.279246333
19.7,0.0435247,0.0455443,0.0963021,0.0995446,0.33761,0.188351,0.119351,0.544579423,0.09481705,0.0979479,0.144048,0.1874915,0.2963085,0.3310575,0.2725185
19.8,0.0554413,0.0520597,0.080438,0.0918268,0.252684,0.268732,0.18352,0.466914825,0.10657,0.108856,0.161893,0.207022,0.330703,0.338977,0.260776
19.8,0.0480176,0.0505826,0.0967482,0.119902,0.335379,0.206022,0.12959,0.473283533,0.10657,0.108856,0.161893,0.207022,0.330703,0.338977,0.260776
19.8,0.0490962,0.0512113,0.098779,0.103098,0.351511,0.232343,0.141216,0.546432209,0.10657,0.108856,0.161893,0.207022,0.330703,0.338977,0.260776
19.9,0.00431225,0.00081181,0.0314636,0.0154081,0.375128,0.1225,0.0566626,0.92109257,0.0985314,0.1085675,0.154807,0.213697667,0.310037667,0.378420333,0.307416667
20,0.0255633,0.025085,0.050263,0.0681976,0.14621,0.253422,0.198596,0.363850908,0.097933667,0.109005,0.155391667,0.220764333,0.307039333,0.377011667,0.311037
20,0.0391147,0.0361299,0.0943224,0.0782066,0.534109,0.213206,0.10967,0.744554606,0.097933667,0.109005,0.155391667,0.220764333,0.307039333,0.377011667,0.311037
20,0.04889597,0.04254657,0.08124842,0.08318099,0.33516204,0.19010781,0.10594254,0.602331178,0.097933667,0.109005,0.155391667,0.220764333,0.307039333,0.377011667,0.311037
20.5,0.0173928,0.017454,0.0551821,0.0493747,0.3498,0.174158,0.100937,0.752616085,0.08402485,0.09190405,0.144336095,0.193540005,0.284962995,0.346952995,0.281725
20.6,0.0476238,0.0576179,0.103301,0.144011,0.315906,0.355514,0.241477,0.373752221,0.0809006,0.0907655,0.1573662,0.212921,0.289972,0.357092,0.293185
20.7,0.0397527,0.045578,0.0797383,0.123698,0.250058,0.230714,0.139814,0.338081529,0.0851133,0.097547,0.1601247,0.2163871,0.292699,0.336059,0.291381
20.8,0.0694186,0.0769166,0.126458,0.169914,0.257868,0.315888,0.244831,0.205604724,0.0694186,0.0769166,0.126458,0.169914,0.257868,0.355888,0.284831
20.8,0.05072599,0.04552567,0.07985864,0.07926014,0.31390694,0.16426113,0.09389589,0.59681192,0.0694186,0.0769166,0.126458,0.169914,0.257868,0.355888,0.284831
20.9,0.0551378,0.0578212,0.102575,0.130574,0.308732,0.237275,0.155731,0.405544199,0.07461325,0.0787333,0.153706,0.211468,0.2936975,0.366212,0.288488495
21.1,0.0895527,0.0827374,0.127725,0.129315,0.38073,0.251469,0.180241,0.492927095,0.0720152,0.0757928,0.145720667,0.205191663,0.288526333,0.358172663,0.28858633
21.1,0.0433148,0.0348221,0.058975,0.0474025,0.394078,0.167124,0.0916007,0.785256653,0.0720152,0.0757928,0.145720667,0.205191663,0.288526333,0.358172663,0.28858633
21.2,0.103185,0.127462,0.20784,0.303426,0.517775,0.490377,0.285953,0.261018922,0.0720152,0.0757928,0.145720667,0.205191663,0.288526333,0.358172663,0.28858633
21.3,0.08486,0.109403,0.189314,0.289595,0.541107,0.490724,0.275404,0.302770428,0.0668191,0.0699118,0.12975,0.19263899,0.278184,0.34209399,0.288782
21.4,0.0721722,0.0930943,0.151917,0.223481,0.39715001,0.44549,0.290324,0.279826511,0.08198195,0.0860304,0.146811,0.200833995,0.26703,0.344827995,0.2731695
21.5,0.0799869,0.0803598,0.130175,0.145938,0.356962,0.31435,0.208706,0.419614237,0.088604633,0.0922176,0.145270333,0.19407233,0.271712333,0.351026997,0.278778333
21.5,0.016542,0.00628345,0.0220274,0.0020255,0.34624,0.0552063,0.0155191,0.98836807,0.088604633,0.0922176,0.145270333,0.19407233,0.271712333,0.351026997,0.278778333
21.6,0.11268,0.121932,0.197956,0.263254,0.461157,0.471101,0.369849,0.2731916,0.088604633,0.0922176,0.145270333,0.19407233,0.271712333,0.351026997,0.278778333
21.6,0.0709485,0.0731681,0.108915,0.141888,0.28093,0.278689,0.178386,0.328845981,0.088604633,0.0922176,0.145270333,0.19407233,0.271712333,0.351026997,0.278778333
21.6,0.0548716,0.0514662,0.08143,0.0896963,0.289381,0.224066,0.132523,0.526765122,0.088604633,0.0922176,0.145270333,0.19407233,0.271712333,0.351026997,0.278778333
21.8,0.04818248,0.04240134,0.0747048,0.07359031,0.32242572,0.20938295,0.13391009,0.628346812,0.098953933,0.1018677,0.148769667,0.196886,0.269814333,0.359540333,0.275133667
21.9,0.0534821,0.0555735,0.0899776,0.123821,0.29869401,0.241557,0.147384,0.413885911,0.0998585,0.10172705,0.1412185,0.1908145,0.2767835,0.3655295,0.283922
21.9,0.0413344,0.0436078,0.105623,0.132979,0.392513,0.206012,0.116069,0.493887633,0.0998585,0.10172705,0.1412185,0.1908145,0.2767835,0.3655295,0.283922
22,0.0416395,0.0413062,0.0734186,0.0782211,0.29230899,0.26850399,0.15498599,0.577788136,0.0956566,0.0936078,0.135425,0.189073,0.254237,0.33208001,0.26066199
22,0.02662475,0.02065474,0.05067123,0.03189868,0.42198411,0.18164706,0.08797063,0.859440892,0.0956566,0.0936078,0.135425,0.189073,0.254237,0.33208001,0.26066199
22.1,0.0332638,0.03681,0.0928168,0.094335,0.384412,0.200674,0.114732,0.605908758,0.09121225,0.09220355,0.13832315,0.19414,0.26402,0.345259005,0.27025999
22.2,0.0521213,0.0750189,0.140106,0.214306,0.376745,0.424785,0.279079,0.274830768,0.0867679,0.0907993,0.1412213,0.199207,0.273803,0.358438,0.27985799
22.8,0.0311827,0.0309657,0.0689511,0.097616,0.364693,0.186965,0.108146,0.577702359,0.09155225,0.1033906,0.1422755,0.18867,0.264719,0.352085505,0.275236505
23.1,0.0510428,0.0578642,0.108626,0.145425,0.286205,0.277944,0.209932,0.326158979,0.09074525,0.097566,0.134688,0.192608,0.2644855,0.352351,0.2768795
23.1,0.0622463,0.0623819,0.114923,0.132742,0.304298,0.291039,0.221916,0.392540729,0.09074525,0.097566,0.134688,0.192608,0.2644855,0.352351,0.2768795
23.3,0.054868,0.0700426,0.125766,0.16843,0.319138,0.355967,0.23154,0.3091015,0.0814705,0.086523,0.131956,0.198116,0.270859,0.352591,0.276332
23.3,0.0308986,0.026575,0.0496131,0.0473198,0.224099,0.216471,0.13843,0.651315237,0.0814705,0.086523,0.131956,0.198116,0.270859,0.352591,0.276332
23.5,0.101594,0.107122,0.16558,0.218048,0.368567,0.382234,0.288817,0.256589075,0.0900386,0.097457333,0.147975997,0.196351997,0.27125833,0.353572663,0.273823997
23.5,0.0575571,0.0605102,0.113135,0.139406,0.32486701,0.246857,0.16778199,0.399465414,0.0900386,0.097457333,0.147975997,0.196351997,0.27125833,0.353572663,0.273823997
23.5,0.0643979,0.0743438,0.142388,0.20222899,0.567693,0.33686599,0.182099,0.474676675,0.0900386,0.097457333,0.147975997,0.196351997,0.27125833,0.353572663,0.273823997
23.5,0.0380482,0.0449196,0.0861549,0.11524,0.353802,0.242639,0.135548,0.508615433,0.0900386,0.097457333,0.147975997,0.196351997,0.27125833,0.353572663,0.273823997
23.7,0.0126633,0.00890267,0.0468443,0.0271123,0.384695,0.172879,0.0894911,0.868325307,0.0909134,0.096726,0.1479715,0.1979275,0.2690455,0.351415,0.275644
23.9,0.0384059,0.0341837,0.0553188,0.0648117,0.146437,0.212578,0.157232,0.38639433,0.083263867,0.084530167,0.1355235,0.183814367,0.258292333,0.344214333,0.266393667
23.9,0.0633287,0.0635518,0.114597,0.125435,0.365509,0.26553,0.17614,0.489004856,0.083263867,0.084530167,0.1355235,0.183814367,0.258292333,0.344214333,0.266393667
24,0.102317,0.117597,0.174947,0.238603,0.416096,0.454126,0.309442,0.271106264,0.0839288,0.08365725,0.13678575,0.18544355,0.2554935,0.3459755,0.264638
24.15,0.0334299,0.0313124,0.0700116,0.0821038,0.300365,0.180967,0.111546,0.570664065,0.0839288,0.08365725,0.13678575,0.18544355,0.2554935,0.3459755,0.264638
24.4,0.0662657,0.0603515,0.0952109,0.0976929,0.311081,0.181593,0.111842,0.522019875,0.07428125,0.06922275,0.13159675,0.17902105,0.251155495,0.331121,0.245431
24.5,0.0442082,0.0398928,0.0747196,0.0807592,0.310269,0.160445,0.0959174,0.586939254,0.07095375,0.0716376,0.118384,0.176224,0.258722995,0.333161505,0.2471825
24.6,0.0579057,0.0649026,0.1052,0.13158,0.290815,0.279865,0.180702,0.376981262,0.102534,0.098409,0.13630001,0.189346,0.26365201,0.348709,0.251696
24.7,0.0883224,0.0846644,0.118772,0.119261,0.345845,0.262741,0.171555,0.487166366,0.09048905,0.09370085,0.132016905,0.1891105,0.253881505,0.3354645,0.258371
24.8,0.0255444,0.0265536,0.0738619,0.0699252,0.499991,0.214206,0.108102,0.754612345,0.09048905,0.09370085,0.132016905,0.1891105,0.253881505,0.3354645,0.258371
24.9,0.10202,0.103893,0.160703,0.167572,0.521829,0.345518,0.191124,0.513862034,0.09048905,0.09370085,0.132016905,0.1891105,0.253881505,0.3354645,0.258371
24.9,0.0311288,0.0313024,0.0769586,0.0660505,0.415754,0.174021,0.102418,0.725820328,0.09048905,0.09370085,0.132016905,0.1891105,0.253881505,0.3354645,0.258371
25.2,0.0253391,0.0210692,0.0511979,0.0516643,0.319048,0.129152,0.0656357,0.721270106,0.0824777,0.08626195,0.13899145,0.185536,0.252176,0.3327325,0.2592725
25.3,0.040733,0.0433788,0.0951488,0.113388,0.338363,0.256275,0.160222,0.498006645,0.0865113,0.0835312,0.1502491,0.182197,0.260241,0.343245,0.253499
25.4,0.0728396,0.0766657,0.115234,0.150391,0.348879,0.323986,0.182964,0.397556432,0.0881991,0.0925108,0.149857,0.194161,0.241672,0.330861,0.24543
25.7,0.0258278,0.0249311,0.0576295,0.0505167,0.305219,0.244839,0.14746,0.715987459,0.065927,0.0887051,0.1315624,0.1884649,0.26446701,0.335523,0.25697601
26,0.059165,0.0622573,0.0983383,0.13622899,0.25644699,0.30071601,0.205081,0.306150633,0.071176,0.088687,0.13396699,0.16825199,0.24358601,0.32195502,0.26737601
26.2,0.0302969,0.0294162,0.0679173,0.0719991,0.309863,0.198133,0.119372,0.622905232,0.0862119,0.0929791,0.11978495,0.1600075,0.247926,0.3296515,0.2597925
26.2,0.0369216,0.0332874,0.0662614,0.0633439,0.391123,0.201477,0.107278,0.721238664,0.0862119,0.0929791,0.11978495,0.1600075,0.247926,0.3296515,0.2597925
26.5,0.0628871,0.0557557,0.0851346,0.0934483,0.399714,0.196253,0.108577,0.621024154,0.068024,0.0708775,0.1305181,0.1712536,0.2594655,0.340542,0.2589585
26.8,0.00349011,0.0075001,0.0471754,0.0718701,0.230429,0.272245,0.204821,0.524509997,0.067030467,0.0714182,0.1277424,0.1713714,0.254315333,0.33546267,0.257268663
27,0.0145251,0.0151381,0.0433072,0.0314154,0.310118,0.163354,0.0961449,0.81603322,0.0631233,0.0573658,0.1245842,0.1724752,0.255058,0.338466,0.255447
27.2,0.0316837,0.0262384,0.0549562,0.0501533,0.346245,0.145529,0.090041,0.74695502,0.06408335,0.0649327,0.1233876,0.1720411,0.2495365,0.331885005,0.254667995
27.6,0.0155379,0.0131756,0.0433286,0.03956,0.302161,0.148873,0.0814931,0.768466088,0.06408335,0.0649327,0.1233876,0.1720411,0.2495365,0.331885005,0.254667995
27.7,0.0474905,0.0493286,0.100499,0.11859,0.315373,0.239804,0.159375,0.453455709,0.07355895,0.0824407,0.116539995,0.1704945,0.243587995,0.322830005,0.25313749
27.8,0.0440399,0.0376457,0.070572,0.0578653,0.321807,0.190663,0.121114,0.695182925,0.0820745,0.0923818,0.11088899,0.169382,0.24316099,0.320356,0.25238599
28.1,0.0355485,0.03512,0.0782338,0.0835164,0.329392,0.203431,0.124628,0.595472507,0.0748872,0.0919184,0.120838,0.157638,0.24602201,0.353304,0.24428301
28.4,0.054114,0.0656435,0.109636,0.171312,0.326268,0.318389,0.190856,0.311419269,0.064698995,0.078699505,0.11367,0.157716995,0.234707505,0.313804505,0.245498995
28.4,0.0403272,0.0387826,0.0568943,0.0744169,0.258593,0.182675,0.127321,0.553064939,0.064698995,0.078699505,0.11367,0.157716995,0.234707505,0.313804505,0.245498995
28.5,0.0590726,0.0484883,0.0690462,0.0521743,0.344194,0.164391,0.0849197,0.736738281,0.064698995,0.078699505,0.11367,0.157716995,0.234707505,0.313804505,0.245498995
28.6,0.0767845,0.0693615,0.103309,0.0961621,0.395943,0.27058,0.174346,0.60918064,0.063689897,0.07126627,0.112397933,0.157790297,0.234484003,0.310224337,0.240491663
28.9,0.032672,0.0283621,0.050671,0.0560372,0.203627,0.229353,0.152141,0.568387171,0.069397663,0.072281803,0.107554603,0.154092963,0.235183003,0.310298663,0.238115997
28.9,0.0240828,0.0157507,0.0347936,0.0238606,0.27315,0.0865356,0.0462314,0.839328293,0.069397663,0.072281803,0.107554603,0.154092963,0.235183003,0.310298663,0.238115997
29,0.0674023,0.0643263,0.118558,0.136273,0.39795801,0.31815499,0.206366,0.489834931,0.069397663,0.072281803,0.107554603,0.154092963,0.235183003,0.310298663,0.238115997
29,0.0805965,0.0815072,0.119264,0.148364,0.294677,0.22623,0.141937,0.330247088,0.069397663,0.072281803,0.107554603,0.154092963,0.235183003,0.310298663,0.238115997
29.5,0.0540839,0.0572694,0.109047,0.12129,0.275568,0.235981,0.168413,0.38874862,0.069115725,0.070567575,0.105639425,0.14600725,0.22592275,0.294487995,0.232694245
29.6,0.0784785,0.0770776,0.103917,0.131608,0.228876,0.343943,0.28799,0.269826123,0.062145375,0.061513725,0.105982323,0.13419225,0.213925003,0.27328475,0.21991325
29.7,0.0308018,0.0213479,0.0409304,0.0263949,0.37374899,0.0878942,0.0409872,0.868072957,0.0712254,0.0779203,0.13459399,0.151455,0.23730201,0.30963501,0.24618001
29.9,0.100732,0.100235,0.134835,0.149398,0.265685,0.269937,0.230098,0.280153608,0.0860613,0.0856671,0.1348,0.178611,0.23512,0.319652,0.234218
