OC,B1,B2,B3,B4,B5,B6,B7,NDVI,B1_bare,B2_bare,B3_bare,B4_bare,B5_bare,B6_bare,B7_bare,B1_bare_gen,B2_bare_gen,B3_bare_gen,B4_bare_gen,B5_bare_gen,B6_bare_gen,B7_bare_gen
2.5,0.0667198,0.0709387,0.122556,0.141999,0.349582,0.309006,0.216917,0.4222763,0.114259705,0.131275,0.18807633,0.24466233,0.367152,0.44144666,0.35729334,0.114175834,0.13091764,0.18780641,0.2454619,0.3676619,0.44148389,0.3570068
2.7,0.0203034,0.0227335,0.0699629,0.0720994,0.403743,0.22544,0.128753,0.696961,0.112035,0.120867,0.187002,0.255439,0.382321,0.46265,0.35282,0.111403644,0.11925874,0.18456624,0.25410405,0.3831803,0.46259516,0.35158435
2.9,0.0664518,0.0685755,0.114607,0.131696,0.33605,0.234917,0.152932,0.43689096,0.092325464,0.096696764,0.148659,0.24306367,0.361247,0.43493307,0.35431734,0.09123503,0.095833644,0.1465575,0.24302599,0.35745773,0.43651897,0.35361984
3.2,0.0660767,0.0717953,0.110145,0.139914,0.332497,0.341019,0.216442,0.40765986,0.10119185,0.114753,0.17679475,0.2380395,0.33435774,0.43508026,0.35369673,0.088032,0.09473169,0.15843587,0.229335,0.32062662,0.40519238,0.32624608
3.3,0.0899574,0.0932713,0.136233,0.164663,0.354007,0.36118,0.247354,0.36505678,0.10119185,0.114753,0.17679475,0.2380395,0.33435774,0.43508026,0.35369673,0.099824645,0.112801135,0.17480536,0.23527856,0.33204946,0.43340316,0.35368806
3.9,0.0883115,0.0943493,0.134208,0.160497,0.306314,0.36031,0.268414,0.3123684,0.0916,0.1014,0.1706,0.2421,0.3408,0.4316,0.3517,0.074540704,0.074149884,0.14777601,0.22525562,0.3352934,0.38994247,0.30662978
3.9,0.0612167,0.0663351,0.109511,0.143685,0.320012,0.29509,0.220943,0.38026342,0.0916,0.1014,0.1706,0.2421,0.3408,0.4316,0.3517,0.090558164,0.09967181,0.16920958,0.24093182,0.33916935,0.42927316,0.34916154
4.0,0.0485275,0.0558722,0.0968247,0.136206,0.270312,0.326861,0.213081,0.32988945,0.07558882,0.0841932,0.15249126,0.23059875,0.32822362,0.41936657,0.33557272,0.07420952,0.08322284,0.15228799,0.23299621,0.33232144,0.42429715,0.33668727
4.0,0.036012,0.0354763,0.0701027,0.0822767,0.265198,0.230821,0.149804,0.52643055,0.07558882,0.0841932,0.15249126,0.23059875,0.32822362,0.41936657,0.33557272,0.07339685,0.08117936,0.14937706,0.2283808,0.3253787,0.41763347,0.3311848
4.2,0.044228,0.038101,0.0661572,0.0533874,0.391684,0.189778,0.117217,0.7600951,0.08706707,0.086247,0.14049101,0.23060666,0.31859833,0.41143265,0.32355,0.092865475,0.099787414,0.15678918,0.22574148,0.31975022,0.3976483,0.3120363
4.5,0.0576078,0.0516955,0.0916825,0.0745481,0.400848,0.227053,0.144963,0.6863748,0.102117,0.11555799,0.17033501,0.253175,0.35757,0.43587402,0.35853,0.10064669,0.11388187,0.16782063,0.25200164,0.35630578,0.4384182,0.3577242
4.6,0.0741452,0.0776787,0.129224,0.144182,0.473611,0.337852,0.235791,0.53323525,0.0991334,0.1040253,0.160505,0.21642801,0.291691,0.404908,0.348568,0.09766183,0.1024386,0.15931532,0.21560687,0.28960216,0.40525413,0.34920162
4.7,0.0570827,0.0615575,0.106747,0.140577,0.346993,0.278401,0.192015,0.42335665,0.0959835,0.1007873,0.1592249,0.217605,0.302843,0.402418,0.335106,0.09297509,0.09929343,0.15660776,0.21610253,0.3019191,0.40246806,0.3313675
4.8,0.0870973,0.109329,0.179103,0.256833,0.4289,0.425161,0.270385,0.2509242,0.100688,0.113361,0.182787,0.242801,0.343566,0.426039,0.348463,0.10137276,0.11201425,0.18291791,0.23860589,0.34217125,0.4284902,0.34926075
4.9,0.0468833,0.050732,0.0806079,0.116896,0.218509,0.265653,0.182372,0.30295613,0.109235,0.1208655,0.188183,0.24693851,0.3465555,0.4277445,0.3495065,0.10564011,0.1175052,0.18408932,0.24686205,0.34639946,0.426261,0.35068363
5.0,0.0674945,0.073471,0.128374,0.14919,0.344004,0.296369,0.200252,0.3950048,0.117782,0.12837,0.193579,0.251076,0.349545,0.42944998,0.35055,0.086853005,0.0981862,0.16652453,0.23413077,0.33152306,0.39829054,0.30879998
5.0,0.0344581,0.0432964,0.0959009,0.125425,0.295715,0.248839,0.166236,0.40435484,0.117782,0.12837,0.193579,0.251076,0.349545,0.42944998,0.35055,0.114260346,0.12617603,0.18958002,0.24802025,0.34514624,0.42711213,0.3473704
5.0,0.0689366,0.0722378,0.122803,0.145048,0.364486,0.323102,0.223132,0.4306641,0.117782,0.12837,0.193579,0.251076,0.349545,0.42944998,0.35055,0.116071336,0.12957281,0.19198489,0.25184286,0.34795347,0.4292728,0.35144016
5.0,0.0184919,0.00729781,0.0232768,0.0051327,0.493229,0.143397,0.0475404,0.9794017,0.117782,0.12837,0.193579,0.251076,0.349545,0.42944998,0.35055,0.11633306,0.12749086,0.19161615,0.25188726,0.34940296,0.43049592,0.34935123
5.1,0.0518459,0.0567895,0.0925004,0.128639,0.249556,0.24287,0.167079,0.3197213,0.10312835,0.12259275,0.1861105,0.2621935,0.355781,0.4351955,0.3571395,0.09965579,0.11887148,0.18460636,0.259513,0.35396975,0.4330446,0.35467774
5.1,0.0644085,0.0660589,0.11905,0.147197,0.305984,0.273666,0.201931,0.3503832,0.10312835,0.12259275,0.1861105,0.2621935,0.355781,0.4351955,0.3571395,0.10150638,0.12026039,0.18529211,0.25961912,0.35352105,0.4343383,0.35554284
5.1,0.0579543,0.0599001,0.127059,0.158791,0.418372,0.340593,0.232498,0.44975337,0.10312835,0.12259275,0.1861105,0.2621935,0.355781,0.4351955,0.3571395,0.101900205,0.122638546,0.18306196,0.2583939,0.35561654,0.43561766,0.35568354
5.2,0.0582399,0.0638057,0.0997846,0.138877,0.258898,0.284725,0.193979,0.30173087,0.101577,0.121435,0.186639,0.257044,0.332668,0.426557,0.354983,0.08554885,0.10080206,0.16457261,0.20950791,0.2782661,0.36160177,0.29543838
5.2,0.0618603,0.0727711,0.120439,0.168465,0.331751,0.340897,0.210666,0.32643098,0.101577,0.121435,0.186639,0.257044,0.332668,0.426557,0.354983,0.09995865,0.12024133,0.18613586,0.257839,0.3321492,0.42544356,0.3535921
5.2,0.0433182,0.042978,0.0853869,0.0935457,0.347951,0.198075,0.108825,0.57623374,0.101577,0.121435,0.186639,0.257044,0.332668,0.426557,0.354983,0.100030184,0.119963616,0.18364018,0.2577321,0.33326933,0.42941234,0.35620612
5.4,0.0245675,0.0283494,0.0774608,0.110387,0.307849,0.257007,0.18771,0.47213057,0.10419675,0.115375526,0.17658651,0.25601974,0.34864348,0.42272848,0.34205517,0.093099274,0.10047775,0.16091166,0.22173038,0.32668272,0.42034307,0.31668988
5.4,0.050766,0.0495808,0.0930689,0.106561,0.34785,0.214706,0.1443,0.53099287,0.10419675,0.115375526,0.17658651,0.25601974,0.34864348,0.42272848,0.34205517,0.10199954,0.113761514,0.17292604,0.25578982,0.34431213,0.42350414,0.34141448
5.5,0.105428,0.109737,0.136457,0.179993,0.313283,0.351865,0.258756,0.27021384,0.1047452,0.11576866,0.17820168,0.2542333,0.35254234,0.424929,0.34387165,0.10264875,0.11518895,0.1755425,0.25328958,0.34766665,0.42077753,0.34433365
5.5,0.000764141,0.0058248,0.0561793,0.0860235,0.333893,0.275543,0.199387,0.59028286,0.1047452,0.11576866,0.17820168,0.2542333,0.35254234,0.424929,0.34387165,0.10406465,0.117198415,0.17789948,0.25341034,0.35212794,0.42571908,0.34545952
5.6,0.11468,0.127837,0.215985,0.252487,0.429108,0.478988,0.377268,0.25912896,0.1037217,0.1099435,0.181376,0.2492584,0.34103853,0.41939452,0.34967652,0.105023056,0.110577494,0.17950161,0.24798577,0.34079698,0.42271194,0.3550107
5.6,0.0418886,0.0445557,0.0793627,0.113274,0.227533,0.255701,0.178019,0.33526012,0.1037217,0.1099435,0.181376,0.2492584,0.34103853,0.41939452,0.34967652,0.10384319,0.11032704,0.17815813,0.24699607,0.33979148,0.42180312,0.3468021
5.7,0.0694933,0.0780922,0.127503,0.181006,0.331616,0.281753,0.185641,0.29380324,0.10674096,0.11502565,0.18129794,0.2533143,0.34311157,0.42597315,0.34450015,0.10439311,0.11275866,0.17620745,0.25007167,0.33919325,0.42309952,0.341774
5.7,0.0316374,0.0325997,0.078178,0.0875775,0.321604,0.209264,0.128333,0.5719381,0.10674096,0.11502565,0.18129794,0.2533143,0.34311157,0.42597315,0.34450015,0.1050346,0.11472599,0.17851873,0.25223798,0.34295076,0.42711106,0.34273094
5.8,0.064411,0.0735106,0.120235,0.171339,0.314659,0.359178,0.242601,0.29489833,0.0900301,0.1042987,0.180081,0.256684,0.349445,0.426673,0.345439,0.09385045,0.098386295,0.16316822,0.22788341,0.30667153,0.38567606,0.30264014
5.8,0.0358839,0.0383979,0.0896975,0.104966,0.403253,0.250108,0.148154,0.5869261,0.0900301,0.1042987,0.180081,0.256684,0.349445,0.426673,0.345439,0.088460386,0.10337349,0.17776303,0.25558954,0.34859708,0.42865577,0.34526625
5.8,0.0196775,0.0163061,0.0538183,0.048833,0.378257,0.141819,0.0804401,0.7713222,0.0900301,0.1042987,0.180081,0.256684,0.349445,0.426673,0.345439,0.08932197,0.10425218,0.17934288,0.25565255,0.35007623,0.4291153,0.34353447
5.9,0.0634576,0.0698058,0.109876,0.148173,0.259977,0.296231,0.20918,0.2739287,0.10364537,0.11524624,0.18680067,0.25228733,0.331325,0.42383432,0.34848833,0.10029765,0.11329571,0.18425722,0.25097612,0.3359539,0.42556357,0.34551933
5.9,0.127692,0.136507,0.210941,0.230685,0.462093,0.43817,0.319032,0.33402908,0.10364537,0.11524624,0.18680067,0.25228733,0.331325,0.42383432,0.34848833,0.104201436,0.11286423,0.18453978,0.24750252,0.32781747,0.4265995,0.3517069
6.0,0.0461751,0.0567778,0.108868,0.180583,0.317465,0.346202,0.230226,0.27483696,0.110151,0.121952,0.192208,0.251796,0.325461,0.432899,0.36707,0.10785646,0.12081186,0.18813065,0.24953447,0.3248828,0.43129635,0.36305436
6.0,0.0368849,0.0352534,0.0749542,0.068574,0.389254,0.18848,0.101701,0.7004377,0.110151,0.121952,0.192208,0.251796,0.325461,0.432899,0.36707,0.091708586,0.10700582,0.17321946,0.24874708,0.3296424,0.40663606,0.32305503
6.1,0.0709751,0.0769129,0.119193,0.152199,0.305844,0.290412,0.200074,0.33543795,0.09938935,0.10307965,0.1978225,0.25402024,0.343404,0.416944,0.34424874,0.09755227,0.101784885,0.19481349,0.24992171,0.33955067,0.4126948,0.34328386
6.2,0.0555544,0.0667251,0.119962,0.17208,0.306865,0.294092,0.20607,0.28142062,0.09938935,0.10307965,0.1978225,0.25402024,0.343404,0.416944,0.34424874,0.09765917,0.10167167,0.19337137,0.25005704,0.3394632,0.41239518,0.33810127
6.2,0.0545085,0.0572318,0.112925,0.148483,0.33679,0.280352,0.191058,0.38804343,0.09938935,0.10307965,0.1978225,0.25402024,0.343404,0.416944,0.34424874,0.091995984,0.10060104,0.17336506,0.24033767,0.34007674,0.42159557,0.3365866
6.2,0.055909,0.0593639,0.114334,0.13477,0.337193,0.256235,0.168186,0.42889592,0.09938935,0.10307965,0.1978225,0.25402024,0.343404,0.416944,0.34424874,0.09792569,0.10321513,0.19528523,0.25435573,0.34200504,0.41766277,0.34353063
6.2,0.0291495,0.0294065,0.0878901,0.109602,0.375873,0.327761,0.21345,0.5484752,0.09938935,0.10307965,0.1978225,0.25402024,0.343404,0.416944,0.34424874,0.09780212,0.1035836,0.19486612,0.2536119,0.34237492,0.41558886,0.34545135
6.3,0.0590203,0.0672264,0.123522,0.164903,0.315794,0.272271,0.184519,0.31390044,0.09333505,0.10484035,0.190594,0.2563285,0.339863,0.4116865,0.3342155,0.10935755,0.11371732,0.1951687,0.23916307,0.32903785,0.40712816,0.3196674
6.3,0.0538538,0.0623504,0.112237,0.161016,0.332975,0.257881,0.170655,0.3481015,0.09333505,0.10484035,0.190594,0.2563285,0.339863,0.4116865,0.3342155,0.10167811,0.109040126,0.17757367,0.23676212,0.3330624,0.4178216,0.32195386
6.3,0.0250346,0.0254214,0.0653031,0.0712126,0.283699,0.16752,0.104772,0.5987023,0.09333505,0.10484035,0.190594,0.2563285,0.339863,0.4116865,0.3342155,0.09037846,0.10265012,0.18773709,0.25449595,0.33881742,0.41264376,0.33319235
6.4,0.0494549,0.0516983,0.123717,0.129808,0.508437,0.298652,0.186962,0.5932346,0.09690428,0.10682017,0.1867385,0.24959275,0.33943725,0.4140075,0.33407074,0.09511499,0.10490736,0.18583477,0.2479054,0.33922386,0.4155819,0.33486795
6.4,0.00976213,0.00869051,0.0484136,0.0433073,0.390083,0.141992,0.0742862,0.8001464,0.09690428,0.10682017,0.1867385,0.24959275,0.33943725,0.4140075,0.33407074,0.09521319,0.1067058,0.18427283,0.24617045,0.33656386,0.412557,0.33097944
6.5,0.0563844,0.0657113,0.123003,0.157898,0.327111,0.243779,0.163073,0.3488863,0.108534336,0.116252,0.189206,0.244319,0.33656368,0.42005032,0.33393466,0.10649855,0.1150935,0.18667167,0.24327624,0.33609146,0.4188757,0.3323437
6.5,0.0600044,0.0665451,0.11219,0.155311,0.323195,0.258333,0.165769,0.35085034,0.108534336,0.116252,0.189206,0.244319,0.33656368,0.42005032,0.33393466,0.10489289,0.1143356,0.1844962,0.2435133,0.33368462,0.4187215,0.33393738
6.5,0.0181074,0.0145578,0.0520331,0.0570015,0.318544,0.206623,0.125538,0.6964336,0.108534336,0.116252,0.189206,0.244319,0.33656368,0.42005032,0.33393466,0.105688825,0.115952246,0.1861709,0.24231096,0.33626938,0.41978112,0.33311898
6.6,0.0477151,0.0545081,0.101909,0.146026,0.261329,0.293605,0.200981,0.28305286,0.110936,0.1202675,0.1960395,0.2605385,0.32029,0.409483,0.3427405,0.10685677,0.11883184,0.19256698,0.25734612,0.31763783,0.40696222,0.3390065
6.6,0.0711522,0.08024,0.131689,0.170639,0.312656,0.309103,0.223001,0.29385158,0.110936,0.1202675,0.1960395,0.2605385,0.32029,0.409483,0.3427405,0.11034935,0.12071688,0.1928563,0.2579503,0.31889,0.40617487,0.33690482
6.6,0.0287089,0.0317674,0.0907629,0.117007,0.405904,0.301625,0.190369,0.5524783,0.110936,0.1202675,0.1960395,0.2605385,0.32029,0.409483,0.3427405,0.100424945,0.11198987,0.1760927,0.24836648,0.333845,0.41257557,0.32448658
6.7,0.0676255,0.0738677,0.128521,0.166625,0.322176,0.273552,0.184424,0.3182297,0.10308195,0.1111292,0.183559,0.25105575,0.32120425,0.41206175,0.333217,0.11064042,0.11429472,0.19151032,0.24453546,0.33153543,0.41062388,0.3308992
6.8,0.053123,0.0563725,0.109015,0.133788,0.317573,0.261436,0.168691,0.40717962,0.0952279,0.1019909,0.1710785,0.241573,0.3221185,0.41464052,0.3236935,0.0855841,0.092343844,0.16603673,0.22349434,0.31116068,0.37907776,0.2950356
6.8,0.0592056,0.0643597,0.140379,0.144989,0.562746,0.250527,0.136799,0.5902732,0.0952279,0.1019909,0.1710785,0.241573,0.3221185,0.41464052,0.3236935,0.09642853,0.100775845,0.17506687,0.24031131,0.32254475,0.41742748,0.32723364
7.2,0.0516452,0.0529732,0.109332,0.135978,0.320418,0.251862,0.178633,0.40412274,0.0819818,0.091132425,0.17105114,0.2457895,0.3314315,0.41113076,0.33672652,0.08183584,0.091178395,0.16918787,0.24581976,0.33166566,0.41173184,0.33636546
7.3,0.110506,0.117452,0.174365,0.204662,0.38427,0.365057,0.315313,0.30497238,0.073346,0.07740135,0.1574398,0.229767,0.322972,0.411872,0.3396495,0.070924535,0.074084505,0.1526179,0.22931929,0.32340905,0.4153585,0.34449852
7.3,0.0976782,0.106706,0.16646,0.205744,0.386903,0.383902,0.271933,0.30567774,0.073346,0.07740135,0.1574398,0.229767,0.322972,0.411872,0.3396495,0.07203243,0.07703785,0.15443961,0.22678685,0.3208226,0.41160685,0.339658
7.4,0.0589735,0.0676965,0.113597,0.161616,0.296245,0.279535,0.194234,0.294039,0.0787414,0.09389133,0.16369233,0.25098965,0.32462266,0.41070533,0.33086234,0.077549204,0.09268485,0.16219424,0.24817751,0.32252494,0.40945852,0.3297131
7.4,0.0480382,0.0472452,0.0960507,0.126662,0.326865,0.268158,0.192878,0.4414357,0.0787414,0.09389133,0.16369233,0.25098965,0.32462266,0.41070533,0.33086234,0.092377044,0.10011017,0.17017157,0.24163194,0.33034444,0.42254195,0.34468973
7.6,0.0799965,0.0793114,0.113368,0.135807,0.279837,0.321513,0.281353,0.3465225,0.086285,0.087736,0.159353,0.227793,0.310306,0.398533,0.32289,0.08601973,0.0864877,0.15741506,0.22536542,0.3086287,0.3973008,0.3206188
7.8,0.0825912,0.0846293,0.127957,0.156351,0.294712,0.239266,0.165968,0.30674428,0.0855959,0.09022777,0.15863916,0.2273335,0.33072966,0.40923733,0.3493335,0.08461315,0.0887792,0.1570296,0.22692484,0.3308859,0.40992063,0.3491042
7.8,0.0364044,0.0407784,0.0988208,0.116591,0.343549,0.214313,0.132072,0.49323684,0.0855959,0.09022777,0.15863916,0.2273335,0.33072966,0.40923733,0.3493335,0.083651416,0.08819736,0.15590094,0.2284244,0.33025116,0.4100079,0.34570095
8.0,0.0872642,0.083237,0.116218,0.135447,0.296584,0.342067,0.265945,0.37297556,0.09421,0.09954243,0.16131873,0.223023,0.32415333,0.39621833,0.31354535,0.09209824,0.096836016,0.15940118,0.22087516,0.32471865,0.39501488,0.3127553
8.1,0.0711241,0.0766103,0.121756,0.15708,0.309486,0.308063,0.211997,0.32665476,0.0995337,0.1070897,0.171801,0.22902176,0.316218,0.40467325,0.332513,0.09716398,0.10488914,0.1698827,0.22645247,0.31544718,0.4024557,0.3299408
8.1,0.0568375,0.0491267,0.0775588,0.0846301,0.241587,0.22137,0.155742,0.48114246,0.0995337,0.1070897,0.171801,0.22902176,0.316218,0.40467325,0.332513,0.0955524,0.10411608,0.16937572,0.22910704,0.31420738,0.40418765,0.33071774
8.2,0.0344909,0.0334828,0.0724931,0.0761716,0.286025,0.179061,0.111565,0.5793909,0.09492265,0.10351025,0.16426875,0.233061,0.33939752,0.4088375,0.330496,0.09336469,0.10084226,0.16281265,0.2328611,0.33757892,0.41012114,0.32941386
8.2,0.0616592,0.0528221,0.0757863,0.0665876,0.336167,0.163274,0.107137,0.6693391,0.09492265,0.10351025,0.16426875,0.233061,0.33939752,0.4088375,0.330496,0.093987435,0.10144682,0.16349988,0.23479147,0.339942,0.4100076,0.330909
8.3,0.00865479,0.00599444,0.0359646,0.0240554,0.345878,0.122989,0.0613472,0.8699474,0.095347695,0.10718075,0.17698684,0.2447515,0.32102948,0.409316,0.323806,0.09011043,0.10607901,0.16208753,0.22147721,0.3175294,0.38854048,0.30737746
8.4,0.0634509,0.0655048,0.104787,0.13639,0.252112,0.238927,0.167096,0.29786718,0.09848378,0.10580672,0.16991925,0.2391385,0.325951,0.4041505,0.338577,0.08168612,0.102863684,0.15630789,0.23300429,0.32530072,0.41497514,0.33254468
8.5,0.0570832,0.067181,0.115503,0.159907,0.29623,0.230001,0.156877,0.29886416,0.09427404,0.11161863,0.178902,0.23845066,0.328786,0.42044,0.33509865,0.094406515,0.11176914,0.17482752,0.23819451,0.3278396,0.42003015,0.33697778
8.8,0.0789032,0.0851054,0.157269,0.183025,0.41702,0.379501,0.267463,0.3899624,0.0985033,0.10630755,0.17769206,0.234525,0.3413215,0.3980145,0.33223,0.09743964,0.10429221,0.17647545,0.2333316,0.3441051,0.40025163,0.33379063
8.8,0.049764,0.0479425,0.0897435,0.0805982,0.345896,0.227685,0.147294,0.62204313,0.0985033,0.10630755,0.17769206,0.234525,0.3413215,0.3980145,0.33223,0.09702322,0.10933966,0.16621657,0.24107747,0.33373886,0.40106937,0.32158178
8.8,0.0141678,0.0107893,0.0543867,0.0278991,0.422074,0.161101,0.0688505,0.8759966,0.0985033,0.10630755,0.17769206,0.234525,0.3413215,0.3980145,0.33223,0.100714296,0.111539915,0.16118678,0.24380583,0.30356807,0.38730076,0.3009881
9.0,0.0504979,0.0550843,0.110272,0.126582,0.342247,0.221642,0.135107,0.46000782,0.0866092,0.105884,0.17447,0.254566,0.333442,0.412846,0.333158,0.09013985,0.094749756,0.15344404,0.22705248,0.3212935,0.40346518,0.32806885
9.0,0.0455238,0.0405269,0.0697364,0.0671894,0.300555,0.211964,0.141014,0.6345864,0.0866092,0.105884,0.17447,0.254566,0.333442,0.412846,0.333158,0.08529895,0.10571969,0.17070132,0.25319645,0.3292879,0.4125253,0.3312965
9.0,0.0520283,0.0429141,0.0761679,0.0593143,0.410007,0.18492,0.107471,0.7472337,0.0866092,0.105884,0.17447,0.254566,0.333442,0.412846,0.333158,0.084745385,0.10522776,0.17292786,0.2543258,0.3328804,0.41452545,0.33256602
9.1,0.0320608,0.0348201,0.0745305,0.0887135,0.321437,0.226041,0.13387,0.56741,0.094625674,0.10094558,0.1708475,0.23583326,0.3372795,0.417423,0.331325,0.092666745,0.09961801,0.16727214,0.23430271,0.3369369,0.4170586,0.32853973
9.1,0.029422,0.0230869,0.055464,0.0393,0.476476,0.167216,0.0680723,0.84760827,0.094625674,0.10094558,0.1708475,0.23583326,0.3372795,0.417423,0.331325,0.095780455,0.107667446,0.16488399,0.22426532,0.322421,0.40041605,0.32649332
9.2,0.0248892,0.0258367,0.0754789,0.079639,0.339819,0.208631,0.123254,0.62027663,0.0913136,0.1044724,0.15977766,0.21615699,0.322034,0.3924995,0.30987498,0.089960024,0.10240848,0.15769336,0.21486112,0.3230863,0.39203796,0.30560797
9.3,0.0522386,0.0580019,0.115481,0.140439,0.336264,0.214679,0.135637,0.41079035,0.08149286,0.09440507,0.13643867,0.22523168,0.328921,0.41308,0.34490034,0.08739825,0.0904775,0.15146016,0.2333025,0.3307468,0.41211593,0.33704033
9.4,0.0817854,0.087411,0.157154,0.22594,0.384584,0.395229,0.308315,0.25984892,0.09048315,0.09766702,0.159936,0.23656374,0.3304755,0.41535375,0.33428076,0.09052051,0.09721899,0.15856314,0.23549289,0.32956323,0.416395,0.33320114
9.4,0.0565064,0.0631111,0.119436,0.150531,0.329833,0.227145,0.144491,0.37326276,0.09048315,0.09766702,0.159936,0.23656374,0.3304755,0.41535375,0.33428076,0.08915633,0.09592855,0.15635514,0.23602927,0.328518,0.4146482,0.3337451
9.5,0.0270211,0.0234406,0.0709175,0.0638765,0.375167,0.28232,0.166931,0.7090197,0.100102566,0.11351553,0.17547067,0.248554,0.31757233,0.387084,0.34024101,0.098370925,0.1152324,0.17280188,0.2489461,0.31629303,0.38872528,0.33984524
9.6,0.0950327,0.106684,0.142436,0.194341,0.329005,0.385114,0.264881,0.25731352,0.094049715,0.108307764,0.17202033,0.2412225,0.3252715,0.39915782,0.32904184,0.0928989,0.108080246,0.16886863,0.23771036,0.31786382,0.39460167,0.32618222
9.6,0.0850995,0.105173,0.175054,0.26606,0.474062,0.461071,0.283522,0.28103745,0.094049715,0.108307764,0.17202033,0.2412225,0.3252715,0.39915782,0.32904184,0.094977014,0.10707401,0.1739925,0.2360953,0.32196411,0.40099278,0.32703847
9.6,0.0567471,0.0589626,0.10993,0.128199,0.371768,0.329072,0.228006,0.48717016,0.094049715,0.108307764,0.17202033,0.2412225,0.3252715,0.39915782,0.32904184,0.111328036,0.11810537,0.19169301,0.25046012,0.34465036,0.42168012,0.34999314
9.6,0.0503629,0.0428823,0.0849605,0.0564252,0.440745,0.189172,0.106025,0.77301455,0.094049715,0.108307764,0.17202033,0.2412225,0.3252715,0.39915782,0.32904184,0.09205837,0.10790993,0.17119013,0.24051687,0.32462892,0.40164712,0.3301003
9.6,0.0215139,0.0191807,0.0659017,0.0463558,0.4266,0.203739,0.10221,0.8039741,0.094049715,0.108307764,0.17202033,0.2412225,0.3252715,0.39915782,0.32904184,0.09249217,0.10748496,0.1696911,0.23986654,0.3244443,0.399916,0.32858023
9.7,0.0654196,0.0720714,0.11407,0.160624,0.283479,0.333015,0.21435,0.27663627,0.0922803,0.10717,0.1739864,0.238203,0.3404594,0.4215434,0.3251392,0.09445114,0.101673946,0.1648827,0.2412639,0.32720324,0.43215814,0.351205
9.7,0.064239,0.0576374,0.0804445,0.082078,0.311461,0.159363,0.0950763,0.58287233,0.0922803,0.10717,0.1739864,0.238203,0.3404594,0.4215434,0.3251392,0.060264725,0.059383277,0.09863305,0.12947166,0.20425126,0.28114492,0.21418233
9.7,0.0396961,0.0386034,0.075646,0.0854062,0.333819,0.248136,0.14705,0.5925522,0.0922803,0.10717,0.1739864,0.238203,0.3404594,0.4215434,0.3251392,0.08991397,0.10600739,0.17052981,0.23719785,0.33764562,0.4207662,0.32434383
9.8,0.0536376,0.0511094,0.077824,0.119257,0.203444,0.31717,0.228207,0.26088238,0.08797472,0.10341492,0.16978,0.232894,0.3427608,0.4195396,0.3262514,0.08519918,0.10031463,0.16683806,0.23190916,0.34280187,0.41854352,0.3242281
9.8,0.0716187,0.0758351,0.150072,0.171182,0.381097,0.37494,0.28065,0.3800887,0.08797472,0.10341492,0.16978,0.232894,0.3427608,0.4195396,0.3262514,0.08646248,0.101765394,0.16730136,0.23219804,0.34210792,0.41890818,0.32672718
9.8,0.056244,0.0496515,0.0768146,0.086891,0.252191,0.262886,0.179966,0.4874927,0.08797472,0.10341492,0.16978,0.232894,0.3427608,0.4195396,0.3262514,0.08502089,0.100257576,0.16840145,0.23429492,0.34304538,0.41956648,0.3255773
9.8,0.0474927,0.0413723,0.0985054,0.0634249,0.543798,0.134552,0.0602372,0.7910985,0.08797472,0.10341492,0.16978,0.232894,0.3427608,0.4195396,0.3262514,0.08650818,0.09867934,0.16647556,0.23166062,0.33404267,0.41370484,0.31976688
9.9,0.0688759,0.0668491,0.106091,0.136233,0.268862,0.346026,0.271583,0.3274022,0.0816434,0.09659835,0.162641,0.22492051,0.3322865,0.4081235,0.321657,0.080664076,0.09380052,0.15988834,0.22334637,0.3326152,0.4061243,0.31800857
9.9,0.0447873,0.0550164,0.104687,0.150327,0.313205,0.31247,0.197995,0.35138458,0.0816434,0.09659835,0.162641,0.22492051,0.3322865,0.4081235,0.321657,0.080051735,0.09424047,0.16146904,0.22366518,0.33056182,0.40665936,0.31997237
9.9,0.0500686,0.0549631,0.10355,0.138469,0.298516,0.277967,0.207008,0.36625284,0.0816434,0.09659835,0.162641,0.22492051,0.3322865,0.4081235,0.321657,0.08153208,0.09603945,0.1602258,0.22344634,0.32887822,0.4043735,0.3162307
9.9,0.0170678,0.0157785,0.0482902,0.0706161,0.242245,0.211882,0.144499,0.54857856,0.0816434,0.09659835,0.162641,0.22492051,0.3322865,0.4081235,0.321657,0.079298705,0.09380352,0.1595349,0.22470051,0.33094382,0.4076042,0.31998748
9.9,0.0115035,0.00631398,0.0300154,0.0182448,0.402328,0.115976,0.053334,0.91323835,0.0816434,0.09659835,0.162641,0.22492051,0.3322865,0.4081235,0.321657,0.08202675,0.09289659,0.15769947,0.21915847,0.32667667,0.39426887,0.31170717
10.0,0.0654044,0.0636629,0.0910237,0.117511,0.222766,0.282695,0.252789,0.30932152,0.080412,0.0869039,0.162316,0.223598,0.336988,0.408275,0.338532,0.07916004,0.08616427,0.16011941,0.22479765,0.33837563,0.40698692,0.33995113
10.0,0.0568557,0.0562848,0.0975407,0.120359,0.314465,0.321075,0.234451,0.4464013,0.080412,0.0869039,0.162316,0.223598,0.336988,0.408275,0.338532,0.078820355,0.08377376,0.16032007,0.22232741,0.33839217,0.4080275,0.33567926
10.0,0.0208196,0.0183129,0.0583726,0.056051,0.354998,0.189288,0.104842,0.72727823,0.080412,0.0869039,0.162316,0.223598,0.336988,0.408275,0.338532,0.07963547,0.08582234,0.16063102,0.2234777,0.33691546,0.40813223,0.33648774
10.1,0.0671084,0.0688664,0.105183,0.131453,0.28168,0.331394,0.239098,0.36362866,0.0962763,0.0996055,0.150191,0.233994,0.328041,0.40540498,0.33816898,0.09471302,0.09856646,0.15010649,0.23301676,0.3281784,0.40464193,0.33413255
10.1,0.0295283,0.0320107,0.0686336,0.0887725,0.245846,0.27162,0.18907,0.4694107,0.0962763,0.0996055,0.150191,0.233994,0.328041,0.40540498,0.33816898,0.09286461,0.09744658,0.14689036,0.23298897,0.3272266,0.40702108,0.33630523
10.1,0.0322933,0.0341347,0.0741919,0.0885204,0.303341,0.219544,0.129236,0.54820555,0.0962763,0.0996055,0.150191,0.233994,0.328041,0.40540498,0.33816898,0.093530186,0.09764799,0.14819603,0.2333398,0.3254289,0.40759993,0.33638582
10.1,0.0480585,0.0470905,0.0846349,0.0867994,0.356294,0.193595,0.114916,0.6082117,0.0962763,0.0996055,0.150191,0.233994,0.328041,0.40540498,0.33816898,0.09511896,0.099221095,0.14927667,0.23569773,0.3284221,0.41109553,0.33833975
10.1,0.0394132,0.0357363,0.0711903,0.0660005,0.319736,0.176695,0.105148,0.6577949,0.0962763,0.0996055,0.150191,0.233994,0.328041,0.40540498,0.33816898,0.09428403,0.097885184,0.14776683,0.23255849,0.3269471,0.40558353,0.33606896
10.4,0.0729782,0.0832376,0.129177,0.178257,0.297848,0.256185,0.172949,0.2511862,0.12573467,0.13528399,0.19564568,0.250456,0.346368,0.41574535,0.33817333,0.12493977,0.1341859,0.19098353,0.2495783,0.34522325,0.41363648,0.33964628
10.4,0.0833596,0.0785558,0.113956,0.136091,0.284496,0.312353,0.247144,0.35285208,0.12573467,0.13528399,0.19564568,0.250456,0.346368,0.41574535,0.33817333,0.12369336,0.13385497,0.1930548,0.24773677,0.3449885,0.41318303,0.33433864
10.5,0.0384184,0.0451772,0.080194,0.120987,0.254525,0.257067,0.168699,0.3556158,0.104310274,0.11013808,0.18143721,0.25226143,0.3340125,0.42134258,0.34236884,0.10107739,0.10768218,0.17906919,0.24946326,0.33380175,0.4190446,0.340468
10.5,0.0476499,0.0511107,0.0975745,0.12645,0.305622,0.275089,0.202001,0.4146809,0.104310274,0.11013808,0.18143721,0.25226143,0.3340125,0.42134258,0.34236884,0.10207613,0.11009996,0.17958303,0.25108913,0.3324148,0.4202876,0.33948788
10.5,0.0324382,0.0357454,0.0877106,0.0955843,0.342162,0.168606,0.0952177,0.56328905,0.104310274,0.11013808,0.18143721,0.25226143,0.3340125,0.42134258,0.34236884,0.10277125,0.109333046,0.17868239,0.25362173,0.333398,0.4222085,0.3422015
10.6,0.0587215,0.0529583,0.0947465,0.0845489,0.36545,0.246083,0.162552,0.6242262,0.09703212,0.099595614,0.16797799,0.23743,0.3326111,0.41471612,0.33373824,0.09696412,0.099435166,0.16545404,0.23644437,0.33385223,0.41669202,0.33265948
10.7,0.0838256,0.0915738,0.135803,0.187817,0.315421,0.325293,0.204929,0.25356588,0.093953274,0.097945824,0.16699585,0.23447175,0.33157825,0.41129774,0.3299625,0.10710235,0.12511104,0.1976585,0.25556418,0.3374652,0.42119336,0.35721728
10.7,0.086583,0.117057,0.202163,0.300771,0.530158,0.490792,0.28089,0.27606088,0.093953274,0.097945824,0.16699585,0.23447175,0.33157825,0.41129774,0.3299625,0.09464113,0.09413769,0.1705734,0.23020512,0.32827833,0.41359323,0.33154932
10.8,0.0625874,0.0601441,0.095967,0.122671,0.239575,0.287106,0.228651,0.32271993,0.08917345,0.09454252,0.15839262,0.24040434,0.3391355,0.42188618,0.33278716,0.08698099,0.09336424,0.15499803,0.23861589,0.3378788,0.42184156,0.33065924
10.8,0.0397733,0.0422228,0.0809559,0.103689,0.279468,0.239539,0.169686,0.45876494,0.08917345,0.09454252,0.15839262,0.24040434,0.3391355,0.42188618,0.33278716,0.08558391,0.09160534,0.15514597,0.23804992,0.33564678,0.42064172,0.32843703
10.8,0.0180569,0.0100691,0.0302004,0.0140324,0.401279,0.107291,0.0471336,0.93242466,0.08917345,0.09454252,0.15839262,0.24040434,0.3391355,0.42188618,0.33278716,0.089247875,0.09427358,0.15720522,0.23854119,0.33975443,0.42250183,0.33192456
10.9,0.116562,0.124199,0.195235,0.229574,0.429987,0.413467,0.324126,0.30385816,0.07998493,0.08889767,0.14997034,0.22238867,0.31590834,0.40544268,0.336171,0.07861118,0.085832976,0.14748979,0.22052181,0.31289774,0.40437654,0.33746022
10.9,0.0450983,0.0455894,0.0790986,0.0925306,0.205215,0.24369,0.179501,0.37845865,0.07998493,0.08889767,0.14997034,0.22238867,0.31590834,0.40544268,0.336171,0.07836541,0.08688527,0.14695287,0.22287703,0.31731305,0.4041188,0.33373296
10.9,0.0519886,0.0547079,0.101687,0.109873,0.337739,0.22018,0.138421,0.50907034,0.07998493,0.08889767,0.14997034,0.22238867,0.31590834,0.40544268,0.336171,0.0993466,0.1084056,0.16139206,0.22762324,0.3373445,0.39353573,0.30282822
10.9,0.034906,0.0420447,0.0854094,0.0999137,0.32971,0.27873,0.18017,0.5348781,0.07998493,0.08889767,0.14997034,0.22238867,0.31590834,0.40544268,0.336171,0.07842815,0.088135436,0.1507879,0.22329427,0.31892487,0.40815485,0.33567345
11.0,0.079082,0.0900941,0.142668,0.186621,0.359676,0.384552,0.263388,0.31677824,0.0881507,0.110966,0.181741,0.236334,0.323989,0.403843,0.323989,0.08584294,0.10790626,0.17690842,0.2335041,0.31873816,0.40175056,0.32365546
11.0,0.0774098,0.0779195,0.108779,0.134346,0.320645,0.292272,0.183764,0.40945646,0.0881507,0.110966,0.181741,0.236334,0.323989,0.403843,0.323989,0.084274404,0.10931855,0.18444285,0.24141474,0.3293341,0.40793505,0.32837138
11.0,0.0523038,0.0574493,0.113993,0.131997,0.404387,0.296434,0.205649,0.5078265,0.0881507,0.110966,0.181741,0.236334,0.323989,0.403843,0.323989,0.08705445,0.110955946,0.17919889,0.23750527,0.32552728,0.40581092,0.32416973
11.1,0.0127931,0.0182689,0.0763632,0.14768,0.306439,0.336505,0.259003,0.34959778,0.08735757,0.10038082,0.162902,0.22435251,0.32494473,0.395993,0.3047795,0.08524485,0.097575225,0.16119018,0.22307205,0.32477885,0.3951549,0.301849
11.1,0.0625879,0.0518889,0.0784099,0.0683079,0.356902,0.156987,0.0927089,0.67870975,0.08735757,0.10038082,0.162902,0.22435251,0.32494473,0.395993,0.3047795,0.08610633,0.099426195,0.16438541,0.22797666,0.3287686,0.40043676,0.30566645
11.2,0.0577764,0.0650992,0.119877,0.152929,0.331295,0.296872,0.19615,0.36835432,0.08928155,0.099917,0.164055,0.23709601,0.3428515,0.4077625,0.30558,0.08902498,0.09979574,0.16305998,0.23736534,0.34101593,0.40569547,0.30510476
11.2,0.0226186,0.0165966,0.0457492,0.0376766,0.297252,0.112373,0.0578781,0.77501714,0.08928155,0.099917,0.164055,0.23709601,0.3428515,0.4077625,0.30558,0.08766311,0.09951561,0.16377605,0.23709162,0.34278095,0.4106607,0.30434307
11.3,0.104793,0.107991,0.150935,0.197264,0.355928,0.366263,0.242312,0.28681543,0.09135295,0.0917792,0.15580155,0.2260945,0.3208585,0.39484775,0.32346025,0.08777088,0.09017736,0.15353031,0.22365467,0.31948185,0.39427212,0.32277173
11.3,0.043289,0.0469858,0.100758,0.122723,0.342057,0.274513,0.186886,0.47190928,0.09135295,0.0917792,0.15580155,0.2260945,0.3208585,0.39484775,0.32346025,0.089294404,0.09120031,0.1543298,0.22791071,0.32176438,0.39599812,0.32400644
11.3,0.046362,0.0472779,0.0944474,0.0943795,0.403759,0.239552,0.146371,0.6210712,0.09135295,0.0917792,0.15580155,0.2260945,0.3208585,0.39484775,0.32346025,0.089582674,0.090896346,0.15617764,0.22774257,0.3227234,0.39949462,0.32541665
11.3,0.0244768,0.0227343,0.0546499,0.0597657,0.295149,0.157938,0.0911882,0.6632109,0.09135295,0.0917792,0.15580155,0.2260945,0.3208585,0.39484775,0.32346025,0.08832685,0.08883522,0.15303943,0.22439153,0.319449,0.39439836,0.32090524
11.5,0.0819265,0.0977164,0.149391,0.203493,0.350927,0.420788,0.277496,0.26592475,0.09649727,0.10706733,0.17756966,0.25358632,0.36059433,0.43071666,0.355695,0.09149767,0.09329759,0.16139989,0.22593723,0.2915202,0.37726253,0.3017683
11.5,0.0548763,0.0595111,0.0973481,0.124688,0.247787,0.339005,0.241901,0.3304893,0.09649727,0.10706733,0.17756966,0.25358632,0.36059433,0.43071666,0.355695,0.07054441,0.084956095,0.1462526,0.23319915,0.3353636,0.40179634,0.32925388
11.5,0.0615236,0.0627993,0.101589,0.116825,0.305535,0.292075,0.193523,0.44679895,0.09649727,0.10706733,0.17756966,0.25358632,0.36059433,0.43071666,0.355695,0.09583724,0.106963746,0.17683476,0.2532088,0.3578791,0.42998677,0.35302046
11.5,0.044537,0.0450753,0.0905356,0.104001,0.372611,0.268454,0.176011,0.5635821,0.09649727,0.10706733,0.17756966,0.25358632,0.36059433,0.43071666,0.355695,0.0951207,0.10620911,0.17486101,0.25228158,0.35892126,0.43271545,0.35515952
11.6,0.0684379,0.0673522,0.0949332,0.111993,0.207278,0.279426,0.217307,0.29844552,0.09963007,0.10773314,0.16538912,0.21880922,0.31656736,0.38026196,0.30733433,0.10026981,0.10935713,0.16365165,0.22079585,0.31799218,0.3800482,0.3041736
11.6,0.0229962,0.0214029,0.0714121,0.069161,0.3805,0.240385,0.137351,0.69238603,0.09963007,0.10773314,0.16538912,0.21880922,0.31656736,0.38026196,0.30733433,0.09926531,0.10716044,0.16311155,0.22030014,0.31834754,0.38281333,0.30896983
11.6,0.0630481,0.0576039,0.0930598,0.0797264,0.466971,0.245555,0.159065,0.70833445,0.09963007,0.10773314,0.16538912,0.21880922,0.31656736,0.38026196,0.30733433,0.094837666,0.096972115,0.16626765,0.22784315,0.32769257,0.41414508,0.33598745
11.7,0.0473175,0.0462178,0.0782053,0.0936223,0.303809,0.21523,0.14249,0.52886295,0.09462135,0.09795602,0.16793287,0.23437017,0.32276118,0.40891832,0.31965533,0.09169264,0.096123494,0.16613835,0.23502213,0.32123184,0.40931296,0.31992793
11.8,0.0840471,0.0938072,0.132853,0.182689,0.331945,0.39254,0.277327,0.2900236,0.1110605,0.1217685,0.17883,0.24263,0.3666725,0.4271775,0.3096195,0.08427595,0.10336804,0.16145031,0.22896168,0.3482588,0.42728445,0.31346396
11.8,0.052711,0.0563412,0.115528,0.151209,0.396273,0.303155,0.214652,0.44762018,0.1110605,0.1217685,0.17883,0.24263,0.3666725,0.4271775,0.3096195,0.11006342,0.12108433,0.17834534,0.24400215,0.36804926,0.42622542,0.31023014
11.9,0.0625609,0.0724876,0.111272,0.158508,0.276747,0.378761,0.266266,0.27165455,0.10978,0.12146,0.181477,0.248821,0.358013,0.424293,0.327934,0.10660519,0.11945831,0.17989048,0.24778257,0.3580916,0.42403603,0.32546395
11.9,0.0673615,0.0714328,0.110856,0.151018,0.3131,0.373525,0.249985,0.34922585,0.10978,0.12146,0.181477,0.248821,0.358013,0.424293,0.327934,0.10858525,0.119568504,0.18036552,0.24765167,0.35666344,0.424202,0.3274391
11.9,0.0703477,0.0631578,0.0959203,0.105836,0.301841,0.317863,0.22425,0.48078504,0.10978,0.12146,0.181477,0.248821,0.358013,0.424293,0.327934,0.10928022,0.12177202,0.17974642,0.24740148,0.35367626,0.42273322,0.32596552
11.9,0.0522014,0.0543691,0.120018,0.140326,0.452938,0.354374,0.23469,0.52693576,0.10978,0.12146,0.181477,0.248821,0.358013,0.424293,0.327934,0.10846108,0.12004816,0.18193008,0.246216,0.35769206,0.42472562,0.32725757
11.9,0.0323566,0.0321428,0.0760367,0.0825574,0.323397,0.212016,0.132376,0.5932676,0.10978,0.12146,0.181477,0.248821,0.358013,0.424293,0.327934,0.10716127,0.11948398,0.17786075,0.24741213,0.35444418,0.42221352,0.32607174
12.1,0.0687275,0.0685636,0.102759,0.133908,0.325867,0.388641,0.248932,0.4175064,0.0947398,0.09573015,0.161336,0.2353915,0.32706398,0.404545,0.3256945,0.09209945,0.09387312,0.15980917,0.23485447,0.32381475,0.40590125,0.32685122
12.1,0.0487041,0.0496321,0.0954298,0.0855655,0.428269,0.213813,0.125164,0.6669531,0.0947398,0.09573015,0.161336,0.2353915,0.32706398,0.404545,0.3256945,0.09243978,0.09482165,0.1611526,0.23551631,0.32802653,0.40698957,0.32783404
12.2,0.0577326,0.0761275,0.131422,0.198052,0.360255,0.426394,0.271008,0.29052654,0.10252417,0.10483603,0.162052,0.24831434,0.32883433,0.40115,0.32885268,0.098725915,0.10216004,0.15831578,0.2447886,0.32704335,0.3999727,0.3272552
12.2,0.0482374,0.052679,0.120943,0.160001,0.350064,0.334266,0.238135,0.37262505,0.10252417,0.10483603,0.162052,0.24831434,0.32883433,0.40115,0.32885268,0.10157142,0.10564464,0.16113755,0.24913068,0.328747,0.40251684,0.3294752
12.2,0.038693,0.0404558,0.0939182,0.102092,0.346983,0.206031,0.127013,0.5453232,0.10252417,0.10483603,0.162052,0.24831434,0.32883433,0.40115,0.32885268,0.095362276,0.10798023,0.16919097,0.24713714,0.33199343,0.40802413,0.33493224
12.3,0.0548263,0.0615722,0.112912,0.172288,0.305051,0.338378,0.255635,0.27813148,0.0921879,0.10303363,0.159121,0.2369,0.344913,0.40942568,0.31409568,0.09226232,0.10184033,0.15669255,0.23618117,0.34381378,0.40896934,0.3133185
12.3,0.0665068,0.0593094,0.0976905,0.0986132,0.303682,0.256142,0.170621,0.5097471,0.0921879,0.10303363,0.159121,0.2369,0.344913,0.40942568,0.31409568,0.08842185,0.101606205,0.16127422,0.24350233,0.35164613,0.41653222,0.31929547
12.3,0.0487636,0.0469466,0.0959139,0.0938856,0.369938,0.228485,0.142478,0.5951668,0.0921879,0.10303363,0.159121,0.2369,0.344913,0.40942568,0.31409568,0.09007568,0.09986846,0.1572779,0.23616484,0.34036282,0.40988675,0.31425664
12.3,0.0273451,0.0253278,0.0614629,0.0612359,0.334707,0.193784,0.115627,0.6906832,0.0921879,0.10303363,0.159121,0.2369,0.344913,0.40942568,0.31409568,0.09066879,0.102333985,0.15719298,0.234402,0.34409478,0.4084618,0.31178898
12.4,0.0377841,0.0383043,0.0909548,0.114003,0.357232,0.250089,0.181974,0.51615226,0.0817518,0.0831473,0.120666,0.217334,0.307229,0.38576,0.314576,0.08041052,0.08091142,0.11981217,0.21872033,0.3065898,0.39069015,0.3139249
12.5,0.122401,0.127057,0.163254,0.198542,0.382475,0.355316,0.25007,0.31657076,0.08345495,0.09180375,0.144693,0.206756,0.3032935,0.3850415,0.315875,0.08338754,0.09002662,0.14192916,0.2043364,0.29731858,0.38439026,0.31322098
12.5,0.0842676,0.0824775,0.114798,0.128648,0.278606,0.307304,0.232656,0.36821738,0.08345495,0.09180375,0.144693,0.206756,0.3032935,0.3850415,0.315875,0.08135096,0.09031226,0.14312078,0.20482261,0.3012465,0.3819912,0.31109998
12.5,0.0352855,0.0388537,0.0862238,0.121981,0.303162,0.286302,0.2245,0.42616484,0.08345495,0.09180375,0.144693,0.206756,0.3032935,0.3850415,0.315875,0.083028376,0.09125388,0.14320531,0.20557643,0.30146396,0.38311753,0.31109786
12.5,0.0747122,0.0712034,0.115348,0.112138,0.383561,0.286583,0.185424,0.5475561,0.08345495,0.09180375,0.144693,0.206756,0.3032935,0.3850415,0.315875,0.08261867,0.09075685,0.14411798,0.20827311,0.30523938,0.38917056,0.31717825
12.5,0.06347811,0.05146426,0.0767737,0.0658341,0.31245187,0.17314802,0.08340585,0.65193474,0.08345495,0.09180375,0.144693,0.206756,0.3032935,0.3850415,0.315875,0.07252751,0.07642041,0.11069143,0.15290494,0.21446586,0.2924392,0.21930514
12.5,0.0532775,0.0494509,0.0928229,0.0945943,0.470489,0.201809,0.112902,0.66520226,0.08345495,0.09180375,0.144693,0.206756,0.3032935,0.3850415,0.315875,0.08212555,0.090845935,0.14352426,0.20599614,0.29919207,0.3839167,0.31376365
12.5,0.0341926,0.0291769,0.0608222,0.0553063,0.316947,0.213552,0.117188,0.7028566,0.08345495,0.09180375,0.144693,0.206756,0.3032935,0.3850415,0.315875,0.0807237,0.08952767,0.14095905,0.20633943,0.303357,0.38535193,0.31348825
12.6,0.064462,0.0639225,0.100084,0.120813,0.256496,0.2974,0.214051,0.3596071,0.07868224,0.09227673,0.15330967,0.23177034,0.339891,0.40596765,0.31647468,0.07759367,0.09154835,0.15201299,0.23163633,0.33933148,0.40673885,0.31462172
12.7,0.0545633,0.0516673,0.0787255,0.089381,0.256268,0.291656,0.190271,0.48282218,0.0858397,0.0904656,0.15023634,0.23062934,0.31162065,0.394762,0.31557134,0.1012869,0.11494274,0.16593768,0.2208218,0.33552638,0.3649833,0.27272886
12.7,0.0416324,0.0387333,0.0661509,0.0600963,0.291572,0.207377,0.14817,0.65822166,0.0858397,0.0904656,0.15023634,0.23062934,0.31162065,0.394762,0.31557134,0.08453198,0.09037015,0.14848794,0.22977892,0.30556822,0.39486298,0.31217536
12.8,0.0597549,0.0622253,0.118967,0.159718,0.326683,0.321927,0.247836,0.34326616,0.09377657,0.1005088,0.15474334,0.23265333,0.31689233,0.40276834,0.323044,0.09317279,0.09929137,0.15318488,0.23145911,0.31485936,0.4013282,0.31965017
12.8,0.0269643,0.0241013,0.0585654,0.0671841,0.300203,0.164813,0.100582,0.6342599,0.09377657,0.1005088,0.15474334,0.23265333,0.31689233,0.40276834,0.323044,0.08877944,0.09645304,0.15108389,0.229392,0.31577703,0.4020749,0.3214664
12.8,0.0378807,0.0275238,0.0490632,0.0257801,0.413344,0.120995,0.0487321,0.882584,0.09377657,0.1005088,0.15474334,0.23265333,0.31689233,0.40276834,0.323044,0.0939061,0.1021058,0.15421322,0.23560283,0.32055545,0.4095388,0.3257306
12.9,0.0521952,0.0547495,0.0969557,0.121814,0.303538,0.241377,0.155949,0.42723203,0.086317,0.0957733,0.1581994,0.234728,0.320814,0.4040142,0.3237584,0.07822535,0.080150425,0.13595624,0.19414066,0.27581877,0.35055557,0.26864797
12.9,0.0503642,0.0504206,0.087768,0.0976339,0.303591,0.205603,0.129426,0.5133208,0.086317,0.0957733,0.1581994,0.234728,0.320814,0.4040142,0.3237584,0.08485292,0.094256215,0.15564956,0.23563737,0.3205227,0.40484968,0.32396176
13.0,0.0522481,0.0748602,0.135055,0.202531,0.378423,0.409105,0.257716,0.3027641,0.09102997,0.10463828,0.16522326,0.23543824,0.32506675,0.40505326,0.32354775,0.08794108,0.100557856,0.16256917,0.23190045,0.32142198,0.40243858,0.3208453
13.0,0.0183508,0.0281001,0.0990088,0.156092,0.329361,0.336598,0.267491,0.3569223,0.09102997,0.10463828,0.16522326,0.23543824,0.32506675,0.40505326,0.32354775,0.08932592,0.102368765,0.16123377,0.23434965,0.3262922,0.40565112,0.32222787
13.0,0.0733094,0.0780948,0.133733,0.141734,0.299907,0.323358,0.259598,0.35814837,0.09102997,0.10463828,0.16522326,0.23543824,0.32506675,0.40505326,0.32354775,0.09099617,0.08796851,0.14969324,0.2091515,0.2888388,0.36214638,0.2901785
13.2,0.08328,0.105325,0.172394,0.245573,0.422335,0.467629,0.305772,0.26465023,0.08701275,0.09350425,0.154129,0.21875401,0.332205,0.3902495,0.279722,0.0880733,0.09153425,0.15383212,0.21799214,0.33120623,0.39217553,0.28020367
13.2,0.0645567,0.0576492,0.0890346,0.0880607,0.232263,0.211012,0.132773,0.4501768,0.08701275,0.09350425,0.154129,0.21875401,0.332205,0.3902495,0.279722,0.078697145,0.085893214,0.1374003,0.17703654,0.24579003,0.31267613,0.22787824
13.3,0.0754045,0.08573,0.134414,0.187596,0.333412,0.401876,0.276605,0.27987286,0.083694,0.101667,0.161489,0.227756,0.35742,0.430938,0.299033,0.08312274,0.09866359,0.15937895,0.22723319,0.35456717,0.42824835,0.3005082
13.3,0.0752994,0.08783,0.141617,0.204782,0.364407,0.444663,0.313002,0.28044286,0.083694,0.101667,0.161489,0.227756,0.35742,0.430938,0.299033,0.08194066,0.08157585,0.14027725,0.21662712,0.27884036,0.35775954,0.29574522
13.3,0.0869875,0.0911276,0.13998,0.164371,0.343319,0.339242,0.242483,0.35247493,0.083694,0.101667,0.161489,0.227756,0.35742,0.430938,0.299033,0.08421885,0.101017974,0.16042122,0.22863859,0.355608,0.43028688,0.3012162
13.4,0.034608,0.0380845,0.0806105,0.113123,0.253231,0.248134,0.186313,0.38243884,0.0957311,0.09419682,0.1621818,0.2277538,0.3224134,0.399083,0.3166316,0.093870476,0.09344345,0.15912111,0.22610657,0.319297,0.39773586,0.31394356
13.5,0.0509027,0.0533743,0.111767,0.116002,0.359514,0.213367,0.131779,0.5121005,0.0936923,0.106142,0.167726,0.234381,0.323827,0.40363702,0.326536,0.09072981,0.10276041,0.16297142,0.23307793,0.3181409,0.40124553,0.32207704
13.5,0.0364829,0.0379097,0.0729437,0.0723364,0.379472,0.194617,0.104378,0.6797917,0.0936923,0.106142,0.167726,0.234381,0.323827,0.40363702,0.326536,0.09199261,0.104960136,0.16657409,0.23553197,0.3246656,0.406082,0.3268185
13.6,0.0683136,0.0727673,0.112444,0.169005,0.362212,0.291728,0.157299,0.36370635,0.09300175,0.10043802,0.17267576,0.24403176,0.33758876,0.414568,0.334809,0.09243424,0.10026847,0.16986169,0.24336201,0.33617136,0.411393,0.33224967
13.8,0.0544138,0.0548287,0.0843483,0.105553,0.188058,0.264576,0.208943,0.28100106,0.102134936,0.098281,0.1632448,0.22511233,0.328902,0.39575568,0.30869934,0.10129841,0.09815929,0.16217351,0.22682784,0.33056757,0.39294937,0.3103814
13.8,0.0354698,0.0322864,0.0666158,0.0754782,0.29121,0.180639,0.112527,0.5883249,0.102134936,0.098281,0.1632448,0.22511233,0.328902,0.39575568,0.30869934,0.099179946,0.096766435,0.16294579,0.22669458,0.32903254,0.39846945,0.3099446
13.9,0.0684859,0.0788531,0.14167,0.23779,0.545461,0.435456,0.213977,0.3928128,0.113294,0.093856,0.167949,0.23420098,0.324358,0.408397,0.325705,0.06471462,0.07877909,0.14195152,0.18287955,0.29453415,0.33499056,0.22522373
14.0,0.0559505,0.062026,0.104668,0.143105,0.325387,0.361365,0.234707,0.38908243,0.0824377,0.0941647,0.14490649,0.2033495,0.322629,0.4098695,0.281337,0.08211242,0.09159784,0.14246267,0.20358798,0.32115608,0.4084919,0.28237745
14.0,0.0392123,0.0417598,0.090649,0.0997123,0.302956,0.247863,0.173322,0.50474226,0.0824377,0.0941647,0.14490649,0.2033495,0.322629,0.4098695,0.281337,0.08022099,0.09334894,0.12753923,0.19729671,0.30066356,0.37778035,0.28652754
14.0,0.0237359,0.027129,0.0751026,0.0910814,0.325036,0.260135,0.181152,0.5622322,0.0824377,0.0941647,0.14490649,0.2033495,0.322629,0.4098695,0.281337,0.08223067,0.093112,0.14344695,0.20284562,0.3215895,0.4102278,0.2796432
14.1,0.0665094,0.0720467,0.109116,0.143708,0.320576,0.344522,0.225208,0.38094786,0.089347035,0.0937039,0.15588233,0.23433433,0.32337466,0.41162533,0.32922965,0.0876304,0.09194881,0.15505041,0.23434526,0.32364497,0.41166937,0.32722113
14.1,0.0771592,0.0732913,0.126193,0.13096,0.421833,0.251657,0.165909,0.5261879,0.089347035,0.0937039,0.15588233,0.23433433,0.32337466,0.41162533,0.32922965,0.08899436,0.092505865,0.15410313,0.23154587,0.32298732,0.41245496,0.32929084
14.2,0.0734892,0.0850807,0.13646,0.198821,0.340246,0.402075,0.262178,0.26235142,0.0990836,0.10311845,0.1519955,0.1934885,0.2993895,0.386046,0.306562,0.096487544,0.1071809,0.16518061,0.23786533,0.33040035,0.40777645,0.31574738
14.3,0.0694221,0.0768156,0.121106,0.15668,0.30084,0.366264,0.249281,0.31509006,0.082199,0.081716,0.153756,0.275718,0.369543,0.419193,0.334809,0.08082218,0.0831276,0.15461232,0.2750748,0.3671032,0.41977775,0.33179152
14.3,0.0594729,0.0741081,0.13491,0.176319,0.343757,0.363363,0.240399,0.3219491,0.082199,0.081716,0.153756,0.275718,0.369543,0.419193,0.334809,0.0832819,0.08385159,0.15243372,0.27659425,0.36570472,0.41916725,0.334889
14.3,0.0159228,0.0101249,0.0408121,0.0224691,0.370092,0.122027,0.04568,0.8855256,0.082199,0.081716,0.153756,0.275718,0.369543,0.419193,0.334809,0.08216443,0.0845034,0.1528932,0.27840734,0.3682387,0.42253932,0.33741546
14.4,0.0525493,0.0587256,0.0992994,0.129975,0.219185,0.222504,0.154215,0.25549892,0.08153713,0.09375885,0.15455125,0.22611825,0.3372925,0.41864824,0.313101,0.07895504,0.0901853,0.15277928,0.22372153,0.33624834,0.41777703,0.31171834
14.4,0.0660773,0.0676694,0.103613,0.119202,0.286717,0.30317,0.207526,0.41268086,0.08153713,0.09375885,0.15455125,0.22611825,0.3372925,0.41864824,0.313101,0.08002779,0.092362985,0.15257597,0.22530389,0.33541146,0.4173069,0.31026196
14.4,0.0252972,0.025237,0.0752048,0.0849739,0.291125,0.294653,0.197661,0.54813004,0.08153713,0.09375885,0.15455125,0.22611825,0.3372925,0.41864824,0.313101,0.07967964,0.091619626,0.15325423,0.22574332,0.3356836,0.4185316,0.31336835
14.4,0.0574002,0.0554004,0.0943934,0.0916418,0.402128,0.251454,0.160906,0.6288076,0.08153713,0.09375885,0.15455125,0.22611825,0.3372925,0.41864824,0.313101,0.08056574,0.09148845,0.15436894,0.2274523,0.33952934,0.42314082,0.31571668
14.5,0.0647078,0.0752181,0.122976,0.180605,0.306007,0.383232,0.269494,0.2577043,0.105409,0.104467,0.1780285,0.222923,0.30372548,0.3943735,0.294406,0.10248369,0.10185724,0.17232665,0.22112922,0.30361855,0.39076358,0.29070088
14.5,0.058134,0.0697418,0.124794,0.173404,0.306536,0.289884,0.209513,0.277393,0.105409,0.104467,0.1780285,0.222923,0.30372548,0.3943735,0.294406,0.10527249,0.104755774,0.17302723,0.21870632,0.29917324,0.3872408,0.2870531
14.5,0.0118158,0.00685409,0.0268381,0.0199644,0.385491,0.0966794,0.0461909,0.9015211,0.105409,0.104467,0.1780285,0.222923,0.30372548,0.3943735,0.294406,0.081839584,0.09386871,0.15919484,0.22484268,0.3346082,0.41129786,0.32349688
14.6,0.0870017,0.0993393,0.162877,0.218564,0.431892,0.386841,0.260943,0.32796684,0.094847,0.10843501,0.151506,0.22351299,0.32602698,0.406707,0.301522,0.09437786,0.10604191,0.15120858,0.22150674,0.32367003,0.40736791,0.30130464
14.6,0.0620331,0.0753766,0.125906,0.195428,0.397404,0.3374,0.182272,0.34069687,0.094847,0.10843501,0.151506,0.22351299,0.32602698,0.406707,0.301522,0.09395476,0.107499756,0.15048593,0.22252007,0.3233432,0.40428457,0.29825562
14.6,0.0641089,0.0628464,0.0955413,0.114176,0.252815,0.275107,0.228923,0.3777722,0.094847,0.10843501,0.151506,0.22351299,0.32602698,0.406707,0.301522,0.09382213,0.10690325,0.15011995,0.22208644,0.32549164,0.405632,0.2976902
14.6,0.0553741,0.0553393,0.103533,0.108899,0.351561,0.229095,0.143537,0.5269991,0.094847,0.10843501,0.151506,0.22351299,0.32602698,0.406707,0.301522,0.092535004,0.1042657,0.14775622,0.22223254,0.32124504,0.40375134,0.2976984
14.6,0.0355675,0.0278079,0.0550465,0.0382342,0.356102,0.14675,0.0793168,0.80608326,0.094847,0.10843501,0.151506,0.22351299,0.32602698,0.406707,0.301522,0.09554638,0.10818607,0.15165822,0.22610818,0.3307328,0.4111425,0.3012163
14.7,0.028353,0.0297622,0.0831817,0.125011,0.32421,0.328979,0.236053,0.44343206,0.08527923,0.0903432,0.14769821,0.22842082,0.30588236,0.3983584,0.33198747,0.08415639,0.089292,0.14622861,0.22883174,0.30536693,0.39988625,0.3311636
14.7,0.0253279,0.0188971,0.0507283,0.0431166,0.270743,0.11129,0.0598197,0.7252491,0.08527923,0.0903432,0.14769821,0.22842082,0.30588236,0.3983584,0.33198747,0.08262232,0.088391714,0.14495026,0.22623709,0.30084792,0.40225232,0.33098125
14.8,0.0440817,0.0463838,0.075965,0.103957,0.288039,0.196699,0.129631,0.46960172,0.09457971,0.1009797,0.16810574,0.24050197,0.33655584,0.41325018,0.33382866,0.09184003,0.09766795,0.16613066,0.24115309,0.3371589,0.41377115,0.33565208
14.9,0.0570115,0.0510572,0.0878345,0.0868172,0.37359,0.176325,0.0956578,0.62286776,0.1009183,0.11074815,0.1773975,0.235608,0.3631635,0.434056,0.341806,0.0977816,0.10787942,0.17709982,0.23774795,0.36307442,0.4378771,0.34302306
14.9,0.0266272,0.0251762,0.0722727,0.0751143,0.373519,0.260454,0.163018,0.66514164,0.1009183,0.11074815,0.1773975,0.235608,0.3631635,0.434056,0.341806,0.10010299,0.10934073,0.17549746,0.23477753,0.36219636,0.43397245,0.34122694
15.0,0.048946,0.0591468,0.103133,0.147567,0.274326,0.3142,0.225023,0.30045295,0.08601335,0.0993484,0.1531885,0.215744,0.310956,0.382943,0.318523,0.09164771,0.110414185,0.16475032,0.2337498,0.32615718,0.4082248,0.33229023
15.0,0.0391773,0.0412486,0.0945211,0.109567,0.316858,0.216381,0.137771,0.4861136,0.08601335,0.0993484,0.1531885,0.215744,0.310956,0.382943,0.318523,0.083258346,0.0966014,0.14921927,0.21465684,0.30786005,0.38146842,0.31353194
15.2,0.120203,0.130392,0.187315,0.249011,0.418274,0.462721,0.315774,0.25365922,0.095263876,0.1076302,0.166848,0.22801174,0.314662,0.384419,0.317053,0.0836563,0.079996414,0.14251773,0.18713325,0.24419814,0.333092,0.2661871
15.3,0.0449803,0.0513029,0.10627,0.140944,0.294583,0.33542,0.240883,0.35276574,0.1045144,0.115912,0.1805075,0.2402795,0.318368,0.38589498,0.315583,0.10224066,0.11626818,0.17605038,0.23812778,0.31679684,0.38311663,0.31388143
15.5,0.0735153,0.0836704,0.129411,0.177637,0.325765,0.405375,0.261741,0.2942539,0.09724353,0.08779773,0.16741934,0.22742935,0.32520834,0.3960443,0.314924,0.09300142,0.08609555,0.1658394,0.22631824,0.32365257,0.39360353,0.31367436
15.5,0.0327548,0.0275788,0.0632647,0.0493907,0.439473,0.138686,0.0658021,0.79793674,0.09724353,0.08779773,0.16741934,0.22742935,0.32520834,0.3960443,0.314924,0.07496757,0.095891096,0.1621678,0.22441241,0.3221388,0.39788023,0.32339668
15.8,0.0704254,0.0873941,0.1445,0.211989,0.366419,0.417757,0.278662,0.26699147,0.0880745,0.0988367,0.158182,0.23696901,0.314944,0.392398,0.313196,0.089037955,0.09872379,0.15590262,0.2351392,0.30797789,0.39123145,0.3099713
15.8,0.0274759,0.0194261,0.0370073,0.0251221,0.325339,0.1274,0.064607,0.856634,0.0880745,0.0988367,0.158182,0.23696901,0.314944,0.392398,0.313196,0.08753382,0.098109536,0.15762489,0.23631632,0.3144318,0.39408818,0.30919322
16.0,0.0355068,0.0373335,0.0958697,0.116492,0.399112,0.306093,0.193996,0.54813385,0.102421,0.106974,0.175281,0.23660949,0.3210165,0.390369,0.31112102,0.10072457,0.107637145,0.17479907,0.2403134,0.32390407,0.3943592,0.31612542
16.0,0.0274028,0.0248958,0.0612619,0.0453046,0.417493,0.20228,0.104835,0.8042142,0.102421,0.106974,0.175281,0.23660949,0.3210165,0.390369,0.31112102,0.09981738,0.1069368,0.17259087,0.23550932,0.3197804,0.3915113,0.3109347
16.2,0.0767708,0.088509,0.137677,0.181006,0.354049,0.308351,0.205389,0.3234116,0.0956688,0.10256683,0.16568866,0.22983666,0.32604083,0.39937982,0.31779817,0.09225138,0.09912504,0.15851624,0.22546504,0.32142103,0.39408693,0.31296375
16.4,0.0314345,0.0325878,0.0703314,0.0771225,0.279687,0.22028,0.157174,0.5677105,0.09429,0.09981,0.158928,0.225521,0.312913,0.393078,0.31556702,0.081036806,0.088693455,0.15459628,0.22744942,0.32303485,0.40217823,0.32034257
16.4,0.018429,0.0177341,0.0554318,0.0450846,0.328383,0.149213,0.0803896,0.7585622,0.09429,0.09981,0.158928,0.225521,0.312913,0.393078,0.31556702,0.09244173,0.09905143,0.15858191,0.22414629,0.31350935,0.39576405,0.3123903
16.8,0.0578016,0.069299,0.11811,0.17668,0.308934,0.391283,0.285106,0.27234387,0.08968362,0.09995878,0.1601116,0.2314996,0.3199316,0.39828882,0.331824,0.08723297,0.09739967,0.15561335,0.22974806,0.31760573,0.39775822,0.33069333
16.9,0.0762609,0.0846272,0.134915,0.202668,0.358041,0.365192,0.212866,0.27710095,0.1048796,0.114292,0.17084025,0.226735,0.31810224,0.402282,0.31946775,0.10083158,0.112141706,0.16717853,0.22492978,0.31577435,0.40032724,0.3168489
16.9,0.0647322,0.0681051,0.115303,0.138322,0.290983,0.270791,0.184673,0.35560033,0.1048796,0.114292,0.17084025,0.226735,0.31810224,0.402282,0.31946775,0.101979904,0.11385215,0.17517383,0.23177278,0.3282006,0.4083252,0.3266645
16.9,0.0554332,0.0519853,0.0912975,0.09915,0.29985,0.296317,0.213253,0.50300753,0.1048796,0.114292,0.17084025,0.226735,0.31810224,0.402282,0.31946775,0.10251209,0.11231063,0.1682561,0.22496659,0.31716603,0.40167877,0.31633404
16.9,0.0401451,0.0439266,0.105969,0.120933,0.387846,0.30238,0.198757,0.5246148,0.1048796,0.114292,0.17084025,0.226735,0.31810224,0.402282,0.31946775,0.10163591,0.10926106,0.18065968,0.24241288,0.3315222,0.38702086,0.30854174
16.9,0.06116379,0.05494628,0.09020461,0.07327361,0.45675784,0.16693506,0.09639463,0.72351223,0.1048796,0.114292,0.17084025,0.226735,0.31810224,0.402282,0.31946775,0.085093565,0.10032716,0.16594887,0.21771933,0.32409653,0.41239274,0.33530697
17.0,0.0367167,0.035587,0.0727075,0.0791941,0.280141,0.215255,0.127905,0.5592187,0.08761585,0.09448605,0.160972,0.230275,0.310672,0.3877965,0.30530548,0.084668465,0.09201965,0.1589167,0.23050867,0.30865636,0.38701558,0.30316752
17.0,0.0317968,0.0313625,0.0772422,0.0793863,0.373354,0.185784,0.107737,0.64930755,0.08761585,0.09448605,0.160972,0.230275,0.310672,0.3877965,0.30530548,0.086999185,0.093884446,0.15896526,0.23259681,0.30956873,0.38890618,0.30340132
17.1,0.0672876,0.0774407,0.12811,0.181922,0.342229,0.350692,0.238916,0.30584127,0.1050923,0.122083,0.184491,0.2538305,0.344246,0.3868785,0.2916305,0.105305456,0.123006865,0.18161486,0.25597697,0.3430391,0.385819,0.28894135
17.1,0.0631001,0.0572232,0.0813456,0.0860367,0.253904,0.242489,0.15986,0.49381348,0.1050923,0.122083,0.184491,0.2538305,0.344246,0.3868785,0.2916305,0.08734085,0.10193363,0.1604772,0.22628205,0.31795943,0.37114993,0.29676795
17.1,0.0381655,0.0398735,0.0883347,0.088151,0.374199,0.2021,0.118455,0.6186828,0.1050923,0.122083,0.184491,0.2538305,0.344246,0.3868785,0.2916305,0.10264552,0.12076354,0.18160914,0.25441518,0.34229645,0.38654628,0.29148844
17.2,0.0391207,0.0427343,0.0825294,0.103361,0.238864,0.271076,0.188064,0.3959471,0.1058005,0.1107154,0.181878,0.24894,0.32809952,0.3888435,0.3026555,0.09172692,0.09504567,0.16005887,0.2404894,0.32928357,0.40470928,0.3378512
17.2,0.0280537,0.0258513,0.0666896,0.0600435,0.38834,0.184636,0.102163,0.7321779,0.1058005,0.1107154,0.181878,0.24894,0.32809952,0.3888435,0.3026555,0.10531942,0.11238963,0.18087506,0.2513231,0.32899702,0.38935825,0.30184078
17.3,0.0654916,0.0690595,0.12418,0.13037,0.410335,0.311466,0.202212,0.51777774,0.08690575,0.0918099,0.16028,0.2261815,0.301754,0.367505,0.29350048,0.086474806,0.093196504,0.16228461,0.2301595,0.3067383,0.37291613,0.3017867
17.3,0.0467785,0.0470236,0.0967937,0.109518,0.349096,0.190604,0.116047,0.52239573,0.08690575,0.0918099,0.16028,0.2261815,0.301754,0.367505,0.29350048,0.09416584,0.10009325,0.15706506,0.23346929,0.31426296,0.3998209,0.32761896
17.3,0.0356088,0.0284326,0.0569298,0.0459708,0.300197,0.205104,0.100821,0.73440164,0.08690575,0.0918099,0.16028,0.2261815,0.301754,0.367505,0.29350048,0.08508886,0.09057988,0.1580767,0.22639929,0.30042312,0.3663443,0.29098988
17.4,0.0390622,0.0361928,0.0807404,0.0785912,0.444669,0.193951,0.104099,0.6996095,0.0781236,0.0818829,0.147734,0.218493,0.2992827,0.37074032,0.29807568,0.07702723,0.083022006,0.14701624,0.21893418,0.2976652,0.37415582,0.2987104
17.5,0.0630505,0.0571686,0.0784372,0.087345,0.223959,0.228697,0.179318,0.43884435,0.0758684,0.08324495,0.1432245,0.212836,0.29385605,0.365169,0.296262,0.07397493,0.08250248,0.14243637,0.21511666,0.29338804,0.3659687,0.29470387
17.7,0.0945383,0.107038,0.157616,0.220579,0.377224,0.409073,0.255118,0.26203448,0.09372474,0.100452,0.1632325,0.22833301,0.312839,0.3756755,0.296285,0.09377331,0.098509006,0.15983155,0.22569406,0.30896968,0.37559727,0.2940297
17.8,0.0554331,0.0625009,0.105615,0.155909,0.301988,0.375737,0.264904,0.31902152,0.0890874,0.09510825,0.15373,0.221599,0.3085655,0.3785365,0.29805902,0.08769219,0.09447739,0.14990287,0.22000289,0.30610365,0.37619197,0.29393187
18.1,0.0523054,0.0645521,0.10688,0.162346,0.353012,0.422832,0.254875,0.36996806,0.070954,0.0807182,0.138198,0.2116365,0.306699,0.38239,0.29894102,0.08148242,0.073459916,0.14941421,0.22841206,0.30596164,0.37027055,0.3084085
18.3,0.0640957,0.0728472,0.11309,0.15299,0.259928,0.354086,0.255984,0.2589812,0.0769152,0.07930295,0.1369282,0.2119165,0.310823,0.381491,0.2987315,0.07635057,0.07842487,0.13542892,0.20861223,0.30805045,0.3813593,0.29218313
18.3,0.105726,0.119851,0.182334,0.246816,0.469802,0.397251,0.267322,0.3111644,0.0769152,0.07930295,0.1369282,0.2119165,0.310823,0.381491,0.2987315,0.07740144,0.077236004,0.13690034,0.20937099,0.30776978,0.38243452,0.29801685
18.3,0.0704802,0.0667802,0.0943466,0.106851,0.230135,0.232466,0.180778,0.3658431,0.0769152,0.07930295,0.1369282,0.2119165,0.310823,0.381491,0.2987315,0.074829996,0.07767732,0.1379889,0.2127197,0.310109,0.38243562,0.2960666
18.3,0.0436252,0.0377204,0.062627,0.0620691,0.285755,0.188398,0.119202,0.6431006,0.0769152,0.07930295,0.1369282,0.2119165,0.310823,0.381491,0.2987315,0.074317716,0.07597304,0.13455866,0.21253559,0.30772197,0.3812739,0.29709235
18.5,0.0560314,0.0734265,0.1341,0.212534,0.354572,0.356461,0.224308,0.2504611,0.0718565,0.0864168,0.151086,0.233173,0.334333,0.38977098,0.312948,0.07053472,0.08289038,0.14937095,0.23359837,0.33101752,0.39229676,0.31268793
18.5,0.032302,0.0303925,0.0541771,0.0696793,0.141642,0.22875,0.176227,0.3405369,0.0718565,0.0864168,0.151086,0.233173,0.334333,0.38977098,0.312948,0.071030974,0.08488778,0.15036395,0.2326434,0.33153105,0.38982484,0.31398886
18.7,0.0172492,0.0123866,0.0415822,0.0257985,0.428328,0.130486,0.0596919,0.88638186,0.0776497,0.0868909,0.15266849,0.2272925,0.322974,0.370912,0.3065775,0.07663169,0.086622104,0.14947988,0.22630915,0.32084018,0.37241665,0.30456683
18.8,0.0159057,0.0071844,0.0182485,0.00733506,0.279056,0.0478708,0.0198231,0.9487759,0.0834429,0.087365,0.154251,0.221412,0.311615,0.352053,0.300207,0.08138946,0.08596357,0.15404838,0.21990544,0.30635238,0.35441807,0.2931227
18.8,0.0295506,0.0291821,0.0650637,0.0786015,0.304895,0.168596,0.0958366,0.5900797,0.0834429,0.087365,0.154251,0.221412,0.311615,0.352053,0.300207,0.080905095,0.08573337,0.15281789,0.2224322,0.3120663,0.35509068,0.3014493
19.0,0.0400635,0.0445222,0.0821031,0.106064,0.315485,0.22614,0.13912,0.49678922,0.07778245,0.0840695,0.148865,0.2184545,0.315033,0.366745,0.303807,0.075669535,0.08153288,0.14504887,0.21850812,0.31279787,0.36626485,0.30125695
19.1,0.0816072,0.0887259,0.140004,0.189276,0.348892,0.422641,0.298422,0.2965914,0.072122,0.080774,0.143479,0.215497,0.318451,0.381437,0.307407,0.07276148,0.07726034,0.1412314,0.21510759,0.31433538,0.37937567,0.30824888
19.1,0.043564,0.0452547,0.0807178,0.0899024,0.263824,0.250469,0.174247,0.49168396,0.072122,0.080774,0.143479,0.215497,0.318451,0.381437,0.307407,0.070005216,0.07874012,0.14122073,0.21481894,0.31698558,0.38083872,0.30369312
19.1,0.0136141,0.0145717,0.0530656,0.0627892,0.311324,0.170433,0.106924,0.6643305,0.072122,0.080774,0.143479,0.215497,0.318451,0.381437,0.307407,0.06989257,0.07910369,0.1425537,0.21444207,0.31814596,0.38193092,0.3062792
19.3,0.0526564,0.0480365,0.0674286,0.0946885,0.194916,0.193671,0.136761,0.34608406,0.06885825,0.0625294,0.13052624,0.1932934,0.2826315,0.3567735,0.288921,0.06863972,0.059158027,0.13006376,0.19472794,0.28159583,0.35932484,0.29082844
19.3,0.05718385,0.04484824,0.06862817,0.05605167,0.36243558,0.16352521,0.0763934,0.7321224,0.06885825,0.0625294,0.13052624,0.1932934,0.2826315,0.3567735,0.288921,0.069284804,0.061407864,0.13237445,0.1998745,0.2892136,0.36516863,0.2933413
19.4,0.0465692,0.0644869,0.124689,0.195077,0.395526,0.446356,0.270673,0.3393972,0.0700843,0.061441,0.1447155,0.2192648,0.311399,0.371077,0.292702,0.068148784,0.05910211,0.14352725,0.21992312,0.31134146,0.37155354,0.29250515
19.4,0.0782171,0.0795122,0.125704,0.157565,0.327303,0.328783,0.229916,0.35007054,0.0700843,0.061441,0.1447155,0.2192648,0.311399,0.371077,0.292702,0.06955551,0.060633764,0.14294171,0.2215325,0.31207344,0.36929703,0.2896388
19.4,0.0262359,0.035705,0.101948,0.140229,0.343579,0.291636,0.211129,0.42031136,0.0700843,0.061441,0.1447155,0.2192648,0.311399,0.371077,0.292702,0.06992352,0.061756004,0.14422007,0.22235951,0.31045362,0.3722202,0.2940347
19.5,0.0467932,0.0541554,0.0953344,0.136435,0.247209,0.249172,0.17824,0.28874165,0.0830641,0.0870398,0.126203,0.167961,0.261914,0.323138,0.284261,0.10677466,0.121482596,0.1912069,0.25804916,0.34556308,0.43030813,0.33942834
19.6,0.0337698,0.0403152,0.0821427,0.118712,0.30341,0.362715,0.224691,0.4375465,0.0865728,0.08577893,0.1442705,0.1980826,0.30133867,0.34439734,0.27924633,0.084682584,0.08428108,0.14154014,0.19878653,0.30046076,0.34332153,0.27744034
19.6,0.00997231,0.00558094,0.0295342,0.0166454,0.406123,0.124371,0.0584844,0.92125523,0.0865728,0.08577893,0.1442705,0.1980826,0.30133867,0.34439734,0.27924633,0.08457559,0.08550853,0.14056696,0.1952857,0.29850602,0.34153894,0.27575067
19.7,0.0435247,0.0455443,0.0963021,0.0995446,0.33761,0.188351,0.119351,0.54457945,0.09481705,0.0979479,0.144048,0.1874915,0.2963085,0.3310575,0.2725185,0.099454686,0.10840875,0.16333053,0.2480181,0.33016053,0.41169187,0.33367363
19.8,0.0554413,0.0520597,0.080438,0.0918268,0.252684,0.268732,0.18352,0.46691483,0.10657,0.108856,0.161893,0.207022,0.330703,0.338977,0.260776,0.102343775,0.10700299,0.16052988,0.20996253,0.33359352,0.3396331,0.26020032
19.8,0.0480176,0.0505826,0.0967482,0.119902,0.335379,0.206022,0.12959,0.47328353,0.10657,0.108856,0.161893,0.207022,0.330703,0.338977,0.260776,0.089726545,0.10047664,0.16284022,0.24587034,0.3355059,0.41557795,0.35242096
19.8,0.0490962,0.0512113,0.098779,0.103098,0.351511,0.232343,0.141216,0.5464322,0.10657,0.108856,0.161893,0.207022,0.330703,0.338977,0.260776,0.10345658,0.10714124,0.15838021,0.20927858,0.32758087,0.3408391,0.2608726
19.9,0.00431225,0.00081181,0.0314636,0.0154081,0.375128,0.1225,0.0566626,0.92109257,0.0985314,0.1085675,0.154807,0.21369767,0.31003767,0.37842032,0.30741668,0.09771543,0.108278915,0.15211579,0.21275811,0.30831715,0.37860173,0.30425134
20.0,0.0255633,0.025085,0.050263,0.0681976,0.14621,0.253422,0.198596,0.36385092,0.097933665,0.109005,0.15539166,0.22076434,0.30703932,0.37701166,0.311037,0.094436154,0.10730326,0.15241753,0.22087161,0.30555013,0.37509686,0.31081125
20.0,0.0391147,0.0361299,0.0943224,0.0782066,0.534109,0.213206,0.10967,0.7445546,0.097933665,0.109005,0.15539166,0.22076434,0.30703932,0.37701166,0.311037,0.087440334,0.092614084,0.1427774,0.20432188,0.28124177,0.36783275,0.28486446
20.0,0.04889597,0.04254657,0.08124842,0.08318099,0.33516204,0.19010781,0.10594254,0.60233116,0.097933665,0.109005,0.15539166,0.22076434,0.30703932,0.37701166,0.311037,0.09683877,0.107013084,0.15420704,0.22214536,0.30800077,0.3801996,0.3114438
20.5,0.0173928,0.017454,0.0551821,0.0493747,0.3498,0.174158,0.100937,0.7526161,0.08402485,0.09190405,0.14433609,0.19354,0.28496298,0.346953,0.281725,0.081583604,0.09104435,0.14343113,0.192548,0.2854518,0.34810692,0.27843085
20.6,0.0476238,0.0576179,0.103301,0.144011,0.315906,0.355514,0.241477,0.3737522,0.0809006,0.0907655,0.1573662,0.212921,0.289972,0.357092,0.293185,0.07953595,0.0899322,0.15286286,0.21218632,0.28812668,0.35673183,0.29090703
20.7,0.0397527,0.045578,0.0797383,0.123698,0.250058,0.230714,0.139814,0.33808154,0.0851133,0.097547,0.1601247,0.2163871,0.292699,0.336059,0.291381,0.0998474,0.10964498,0.16732055,0.23840539,0.3423576,0.41568127,0.32242113
20.8,0.0694186,0.0769166,0.126458,0.169914,0.257868,0.315888,0.244831,0.20560472,0.0694186,0.0769166,0.126458,0.169914,0.257868,0.355888,0.284831,0.09803477,0.10322632,0.16016968,0.24382854,0.32456577,0.42050204,0.3305134
20.8,0.05072599,0.04552567,0.07985864,0.07926014,0.31390694,0.16426113,0.09389589,0.5968119,0.0694186,0.0769166,0.126458,0.169914,0.257868,0.355888,0.284831,0.06928157,0.07349681,0.123842776,0.17234349,0.26014215,0.35836843,0.28660592
20.9,0.0551378,0.0578212,0.102575,0.130574,0.308732,0.237275,0.155731,0.4055442,0.07461325,0.0787333,0.153706,0.211468,0.2936975,0.366212,0.2884885,0.07195055,0.07802639,0.14783576,0.20974487,0.28790215,0.36179966,0.28465024
21.1,0.0895527,0.0827374,0.127725,0.129315,0.38073,0.251469,0.180241,0.4929271,0.0720152,0.0757928,0.14572066,0.20519166,0.28852633,0.35817266,0.28858632,0.07060821,0.07476941,0.1458065,0.20651916,0.28746286,0.36124218,0.28940386
21.1,0.0433148,0.0348221,0.058975,0.0474025,0.394078,0.167124,0.0916007,0.7852566,0.0720152,0.0757928,0.14572066,0.20519166,0.28852633,0.35817266,0.28858632,0.07030672,0.07643928,0.14557844,0.2079084,0.29129723,0.36237007,0.28904355
21.2,0.103185,0.127462,0.20784,0.303426,0.517775,0.490377,0.285953,0.26101893,0.0720152,0.0757928,0.14572066,0.20519166,0.28852633,0.35817266,0.28858632,0.072996795,0.0693245,0.14369649,0.19843096,0.28439805,0.3594764,0.28666344
21.3,0.08486,0.109403,0.189314,0.289595,0.541107,0.490724,0.275404,0.30277044,0.0668191,0.0699118,0.12975,0.192639,0.278184,0.342094,0.288782,0.06648908,0.06440278,0.13135278,0.18580508,0.27293321,0.34319332,0.28575057
21.4,0.0721722,0.0930943,0.151917,0.223481,0.39715,0.44549,0.290324,0.27982652,0.08198195,0.0860304,0.146811,0.20083399,0.26703,0.344828,0.2731695,0.07976731,0.084877595,0.14277849,0.20010448,0.26828974,0.34455276,0.27127948
21.5,0.0799869,0.0803598,0.130175,0.145938,0.356962,0.31435,0.208706,0.41961423,0.08860464,0.0922176,0.14527033,0.19407234,0.27171233,0.351027,0.27877834,0.08711813,0.09204558,0.14426279,0.19605874,0.27258128,0.3550959,0.28048778
21.5,0.016542,0.00628345,0.0220274,0.0020255,0.34624,0.0552063,0.0155191,0.9883681,0.08860464,0.0922176,0.14527033,0.19407234,0.27171233,0.351027,0.27877834,0.08715724,0.09134045,0.14394657,0.19313201,0.27014586,0.3532952,0.273718
21.6,0.11268,0.121932,0.197956,0.263254,0.461157,0.471101,0.369849,0.2731916,0.08860464,0.0922176,0.14527033,0.19407234,0.27171233,0.351027,0.27877834,0.08894779,0.08811141,0.14326124,0.19218913,0.26826593,0.3494811,0.27690995
21.6,0.0709485,0.0731681,0.108915,0.141888,0.28093,0.278689,0.178386,0.32884598,0.08860464,0.0922176,0.14527033,0.19407234,0.27171233,0.351027,0.27877834,0.08403468,0.086961605,0.14521436,0.19665179,0.2746242,0.35292807,0.27978897
21.6,0.0548716,0.0514662,0.08143,0.0896963,0.289381,0.224066,0.132523,0.5267651,0.08860464,0.0922176,0.14527033,0.19407234,0.27171233,0.351027,0.27877834,0.096367545,0.099246785,0.15074153,0.2139602,0.28604406,0.37040606,0.29281834
21.8,0.04818248,0.04240134,0.0747048,0.07359031,0.32242572,0.20938295,0.13391009,0.6283468,0.09895393,0.1018677,0.14876966,0.196886,0.26981434,0.35954034,0.27513367,0.095641255,0.10135518,0.14612861,0.19784041,0.268287,0.36211145,0.27503115
21.9,0.0534821,0.0555735,0.0899776,0.123821,0.298694,0.241557,0.147384,0.41388592,0.0998585,0.10172705,0.1412185,0.1908145,0.2767835,0.3655295,0.283922,0.09675364,0.09836729,0.13837454,0.19053178,0.27649996,0.36466685,0.28124514
21.9,0.0413344,0.0436078,0.105623,0.132979,0.392513,0.206012,0.116069,0.49388763,0.0998585,0.10172705,0.1412185,0.1908145,0.2767835,0.3655295,0.283922,0.07726059,0.08995642,0.15657246,0.23849958,0.34148982,0.4168579,0.3437693
22.0,0.0416395,0.0413062,0.0734186,0.0782211,0.292309,0.268504,0.154986,0.5777881,0.0956566,0.0936078,0.135425,0.189073,0.254237,0.33208,0.260662,0.0924837,0.093152866,0.13357855,0.19115847,0.25467733,0.33509928,0.26031378
22.0,0.02662475,0.02065474,0.05067123,0.03189868,0.4219841,0.18164706,0.08797063,0.85944086,0.0956566,0.0936078,0.135425,0.189073,0.254237,0.33208,0.260662,0.09457916,0.095375285,0.13409574,0.19069134,0.25451657,0.3346463,0.26043472
22.1,0.0332638,0.03681,0.0928168,0.094335,0.384412,0.200674,0.114732,0.60590875,0.09121225,0.09220355,0.13832314,0.19414,0.26402,0.345259,0.27025998,0.08982538,0.09141322,0.13523275,0.19444712,0.2614713,0.34701395,0.26682153
22.2,0.0521213,0.0750189,0.140106,0.214306,0.376745,0.424785,0.279079,0.27483076,0.0867679,0.0907993,0.1412213,0.199207,0.273803,0.358438,0.279858,0.09125905,0.099425554,0.15783495,0.23600076,0.3268593,0.40066975,0.31435478
22.8,0.0311827,0.0309657,0.0689511,0.097616,0.364693,0.186965,0.108146,0.57770234,0.09155225,0.1033906,0.1422755,0.18867,0.264719,0.3520855,0.27523652,0.08903042,0.102598175,0.13754468,0.18759982,0.26159823,0.35223523,0.27052066
23.1,0.0510428,0.0578642,0.108626,0.145425,0.286205,0.277944,0.209932,0.32615897,0.09074525,0.097566,0.134688,0.192608,0.2644855,0.352351,0.2768795,0.08864872,0.09622012,0.13158405,0.1894942,0.26270035,0.35244662,0.2732465
23.1,0.0622463,0.0623819,0.114923,0.132742,0.304298,0.291039,0.221916,0.39254072,0.09074525,0.097566,0.134688,0.192608,0.2644855,0.352351,0.2768795,0.09005676,0.09637766,0.13398023,0.19166456,0.26345113,0.35092452,0.27407482
23.3,0.054868,0.0700426,0.125766,0.16843,0.319138,0.355967,0.23154,0.3091015,0.0814705,0.086523,0.131956,0.198116,0.270859,0.352591,0.276332,0.079793856,0.08500642,0.12962107,0.19928785,0.27302054,0.3547574,0.2760664
23.3,0.0308986,0.026575,0.0496131,0.0473198,0.224099,0.216471,0.13843,0.6513152,0.0814705,0.086523,0.131956,0.198116,0.270859,0.352591,0.276332,0.08259981,0.08679963,0.13169149,0.19918022,0.2685469,0.3543966,0.27451342
23.5,0.101594,0.107122,0.16558,0.218048,0.368567,0.382234,0.288817,0.25658908,0.0900386,0.097457334,0.147976,0.19635199,0.27125832,0.35357267,0.273824,0.08847925,0.09526027,0.14679754,0.20311078,0.27656034,0.36455843,0.28145796
23.5,0.0575571,0.0605102,0.113135,0.139406,0.324867,0.246857,0.167782,0.3994654,0.0900386,0.097457334,0.147976,0.19635199,0.27125832,0.35357267,0.273824,0.08841205,0.09706632,0.14925283,0.19986065,0.27423298,0.3570701,0.27624708
23.5,0.0643979,0.0743438,0.142388,0.202229,0.567693,0.336866,0.182099,0.47467667,0.0900386,0.097457334,0.147976,0.19635199,0.27125832,0.35357267,0.273824,0.087940834,0.09245428,0.14917313,0.19257908,0.2696536,0.3500395,0.2718428
23.5,0.0380482,0.0449196,0.0861549,0.11524,0.353802,0.242639,0.135548,0.50861543,0.0900386,0.097457334,0.147976,0.19635199,0.27125832,0.35357267,0.273824,0.08844962,0.09611259,0.14482063,0.19654652,0.26909032,0.35273755,0.2706658
23.7,0.0126633,0.00890267,0.0468443,0.0271123,0.384695,0.172879,0.0894911,0.8683253,0.0909134,0.096726,0.1479715,0.1979275,0.2690455,0.351415,0.275644,0.08837902,0.09579626,0.14585528,0.19584712,0.26604313,0.35155028,0.27251777
23.9,0.0384059,0.0341837,0.0553188,0.0648117,0.146437,0.212578,0.157232,0.38639432,0.08326387,0.08453017,0.1355235,0.18381436,0.25829235,0.34421432,0.26639366,0.08291839,0.08138073,0.13467532,0.18586725,0.25881532,0.34401876,0.26758963
23.9,0.0633287,0.0635518,0.114597,0.125435,0.365509,0.26553,0.17614,0.48900485,0.08326387,0.08453017,0.1355235,0.18381436,0.25829235,0.34421432,0.26639366,0.08011619,0.082899615,0.13364026,0.18510926,0.2590566,0.34713292,0.2669638
24.0,0.102317,0.117597,0.174947,0.238603,0.416096,0.454126,0.309442,0.27110627,0.0839288,0.08365725,0.13678575,0.18544355,0.2554935,0.3459755,0.264638,0.08300563,0.08070542,0.13559516,0.18500967,0.25143778,0.34409,0.2656457
24.15,0.0334299,0.0313124,0.0700116,0.0821038,0.300365,0.180967,0.111546,0.57066405,0.0839288,0.08365725,0.13678575,0.18544355,0.2554935,0.3459755,0.264638,0.1009081,0.102337465,0.16979867,0.23882736,0.33220735,0.40356818,0.31479314
24.4,0.0662657,0.0603515,0.0952109,0.0976929,0.311081,0.181593,0.111842,0.52201986,0.07428125,0.06922275,0.13159674,0.17902105,0.2511555,0.331121,0.245431,0.0745196,0.067929424,0.13146602,0.1835751,0.2528499,0.3357765,0.24850109
24.5,0.0442082,0.0398928,0.0747196,0.0807592,0.310269,0.160445,0.0959174,0.5869393,0.07095375,0.0716376,0.118384,0.176224,0.258723,0.3331615,0.2471825,0.068883,0.06919732,0.11864779,0.17873056,0.26059934,0.33660796,0.24866128
24.6,0.0579057,0.0649026,0.1052,0.13158,0.290815,0.279865,0.180702,0.37698126,0.102534,0.098409,0.13630001,0.189346,0.263652,0.348709,0.251696,0.09918309,0.09732873,0.13877219,0.19360098,0.26947317,0.3531722,0.25646225
24.7,0.0883224,0.0846644,0.118772,0.119261,0.345845,0.262741,0.171555,0.48716637,0.09048905,0.09370085,0.13201691,0.1891105,0.2538815,0.3354645,0.258371,0.08738387,0.09281043,0.13260458,0.19242825,0.25439,0.3389731,0.25797325
24.8,0.0255444,0.0265536,0.0738619,0.0699252,0.499991,0.214206,0.108102,0.7546123,0.09048905,0.09370085,0.13201691,0.1891105,0.2538815,0.3354645,0.258371,0.08854906,0.091164045,0.13145295,0.18954974,0.25364414,0.33637872,0.25591463
24.9,0.10202,0.103893,0.160703,0.167572,0.521829,0.345518,0.191124,0.513862,0.09048905,0.09370085,0.13201691,0.1891105,0.2538815,0.3354645,0.258371,0.08905261,0.08944948,0.13125132,0.18505809,0.24923137,0.33660132,0.2589764
24.9,0.0311288,0.0313024,0.0769586,0.0660505,0.415754,0.174021,0.102418,0.7258203,0.09048905,0.09370085,0.13201691,0.1891105,0.2538815,0.3354645,0.258371,0.08849436,0.09261907,0.13094826,0.19237597,0.2557654,0.34027264,0.25868148
25.2,0.0253391,0.0210692,0.0511979,0.0516643,0.319048,0.129152,0.0656357,0.7212701,0.0824777,0.08626195,0.13899145,0.185536,0.252176,0.3327325,0.2592725,0.08057419,0.083039165,0.16398282,0.25675985,0.35412928,0.40626863,0.32917035
25.3,0.040733,0.0433788,0.0951488,0.113388,0.338363,0.256275,0.160222,0.49800664,0.0865113,0.0835312,0.1502491,0.182197,0.260241,0.343245,0.253499,0.0839726,0.08228059,0.14793491,0.1845169,0.26130906,0.3449178,0.25524193
25.4,0.0728396,0.0766657,0.115234,0.150391,0.348879,0.323986,0.182964,0.39755642,0.0881991,0.0925108,0.149857,0.194161,0.241672,0.330861,0.24543,0.085362665,0.09188385,0.14642861,0.19550462,0.24115385,0.33131093,0.24581349
25.7,0.0258278,0.0249311,0.0576295,0.0505167,0.305219,0.244839,0.14746,0.71598744,0.065927,0.0887051,0.1315624,0.1884649,0.264467,0.335523,0.256976,0.06515296,0.0882269,0.12859263,0.18704095,0.26368576,0.33768052,0.2531118
26.0,0.059165,0.0622573,0.0983383,0.136229,0.256447,0.300716,0.205081,0.30615065,0.071176,0.088687,0.133967,0.16825199,0.243586,0.32195503,0.267376,0.067400575,0.083875515,0.13326447,0.17213422,0.2516573,0.32973155,0.26728374
26.2,0.0302969,0.0294162,0.0679173,0.0719991,0.309863,0.198133,0.119372,0.62290525,0.0862119,0.0929791,0.11978495,0.1600075,0.247926,0.3296515,0.2597925,0.09982393,0.10477951,0.16350012,0.24063282,0.338776,0.41842076,0.33556616
26.2,0.0369216,0.0332874,0.0662614,0.0633439,0.391123,0.201477,0.107278,0.7212387,0.0862119,0.0929791,0.11978495,0.1600075,0.247926,0.3296515,0.2597925,0.08680518,0.09117773,0.11750733,0.16269797,0.25095394,0.33481324,0.25881076
26.5,0.0628871,0.0557557,0.0851346,0.0934483,0.399714,0.196253,0.108577,0.62102413,0.068024,0.0708775,0.1305181,0.1712536,0.2594655,0.340542,0.2589585,0.06441446,0.06909345,0.1301277,0.17358744,0.26032558,0.3430547,0.25902987
26.8,0.00349011,0.0075001,0.0471754,0.0718701,0.230429,0.272245,0.204821,0.52451,0.06703047,0.0714182,0.1277424,0.1713714,0.25431535,0.33546266,0.25726867,0.091401875,0.09926893,0.15566462,0.22226077,0.3176148,0.3904818,0.31664518
27.0,0.0145251,0.0151381,0.0433072,0.0314154,0.310118,0.163354,0.0961449,0.81603324,0.0631233,0.0573658,0.1245842,0.1724752,0.255058,0.338466,0.255447,0.061868995,0.056382414,0.12428491,0.17252903,0.25453782,0.34049183,0.25146514
27.2,0.0316837,0.0262384,0.0549562,0.0501533,0.346245,0.145529,0.090041,0.74695504,0.06408335,0.0649327,0.1233876,0.1720411,0.2495365,0.331885,0.254668,0.06061523,0.0625604,0.122194916,0.17241995,0.24949463,0.3331049,0.25075758
27.6,0.0155379,0.0131756,0.0433286,0.03956,0.302161,0.148873,0.0814931,0.7684661,0.06408335,0.0649327,0.1233876,0.1720411,0.2495365,0.331885,0.254668,0.083851084,0.08420604,0.1496682,0.2203268,0.30932045,0.38825196,0.3062483
27.7,0.0474905,0.0493286,0.100499,0.11859,0.315373,0.239804,0.159375,0.45345572,0.07355895,0.0824407,0.11653999,0.1704945,0.243588,0.32283,0.2531375,0.07064585,0.08044773,0.11478707,0.17118347,0.24358341,0.32433012,0.25070912
27.8,0.0440399,0.0376457,0.070572,0.0578653,0.321807,0.190663,0.121114,0.6951829,0.0820745,0.0923818,0.11088899,0.169382,0.243161,0.320356,0.252386,0.08039674,0.090309404,0.10857348,0.16832815,0.24154732,0.32262635,0.24825998
28.1,0.0355485,0.03512,0.0782338,0.0835164,0.329392,0.203431,0.124628,0.5954725,0.0748872,0.0919184,0.120838,0.157638,0.24602202,0.353304,0.244283,0.09967367,0.11040256,0.16549972,0.2401118,0.3339727,0.40453586,0.32172647
28.4,0.054114,0.0656435,0.109636,0.171312,0.326268,0.318389,0.190856,0.31141928,0.064698994,0.07869951,0.11367,0.15771699,0.2347075,0.3138045,0.245499,0.097654544,0.11414302,0.19575243,0.2557312,0.33418816,0.43529052,0.3617382
28.4,0.0403272,0.0387826,0.0568943,0.0744169,0.258593,0.182675,0.127321,0.55306494,0.064698994,0.07869951,0.11367,0.15771699,0.2347075,0.3138045,0.245499,0.06310987,0.07424406,0.11251358,0.15919305,0.2335021,0.3143412,0.24427547
28.5,0.0590726,0.0484883,0.0690462,0.0521743,0.344194,0.164391,0.0849197,0.73673826,0.064698994,0.07869951,0.11367,0.15771699,0.2347075,0.3138045,0.245499,0.065173306,0.07653111,0.114666775,0.16449293,0.24217021,0.3211946,0.24855345
28.6,0.0767845,0.0693615,0.103309,0.0961621,0.395943,0.27058,0.174346,0.6091806,0.063689895,0.07126627,0.11239793,0.1577903,0.234484,0.31022432,0.24049166,0.08083913,0.08902577,0.14845565,0.21523455,0.32593057,0.41065213,0.32434133
28.9,0.032672,0.0283621,0.050671,0.0560372,0.203627,0.229353,0.152141,0.56838715,0.069397666,0.0722818,0.1075546,0.15409297,0.235183,0.31029865,0.238116,0.0692706,0.070395075,0.10735567,0.15803437,0.23775433,0.31295246,0.23884407
28.9,0.0240828,0.0157507,0.0347936,0.0238606,0.27315,0.0865356,0.0462314,0.8393283,0.069397666,0.0722818,0.1075546,0.15409297,0.235183,0.31029865,0.238116,0.0675325,0.06897433,0.104022026,0.15135622,0.23010962,0.31053656,0.23226921
29.0,0.0674023,0.0643263,0.118558,0.136273,0.397958,0.318155,0.206366,0.48983493,0.069397666,0.0722818,0.1075546,0.15409297,0.235183,0.31029865,0.238116,0.06832862,0.07125124,0.107957534,0.16018529,0.23917328,0.31638986,0.24160779
29.0,0.0805965,0.0815072,0.119264,0.148364,0.294677,0.22623,0.141937,0.33024707,0.069397666,0.0722818,0.1075546,0.15409297,0.235183,0.31029865,0.238116,0.069723494,0.07051961,0.10347651,0.15495536,0.23304768,0.310254,0.23815493
29.5,0.0540839,0.0572694,0.109047,0.12129,0.275568,0.235981,0.168413,0.38874862,0.06911573,0.07056758,0.10563943,0.14600725,0.22592275,0.29448798,0.23269424,0.08714529,0.10050847,0.1387734,0.21779884,0.31211337,0.4007319,0.31693563
29.6,0.0784785,0.0770776,0.103917,0.131608,0.228876,0.343943,0.28799,0.2698261,0.062145375,0.061513726,0.105982326,0.13419224,0.213925,0.27328476,0.21991324,0.06017811,0.058435544,0.10426629,0.13466227,0.21228164,0.27261838,0.2174516
29.7,0.0308018,0.0213479,0.0409304,0.0263949,0.373749,0.0878942,0.0409872,0.868073,0.0712254,0.0779203,0.134594,0.151455,0.237302,0.309635,0.24618001,0.069219224,0.075320594,0.13221152,0.15114959,0.23739202,0.3095734,0.24338445
29.9,0.100732,0.100235,0.134835,0.149398,0.265685,0.269937,0.230098,0.2801536,0.0860613,0.0856671,0.1348,0.178611,0.23512,0.319652,0.234218,0.08594438,0.086698905,0.13354512,0.17985514,0.23568963,0.3179538,0.23319057
