OC,B2_S2_veg,B3_S2_veg,B4_S2_veg,B8_S2_veg,B5_S2_veg,B6_S2_veg,B7_S2_veg,B8A_S2_veg,B11_S2_veg,B12_S2_veg,B2_S2_bare,B3_S2_bare,B4_S2_bare,B8_S2_bare,B5_S2_bare,B6_S2_bare,B7_S2_bare,B8A_S2_bare,B11_S2_bare,B12_S2_bare
19.1,0.5918975031166606,0.6699818192761096,0.6389994021791123,0.6102015601322496,0.4995066884792633,0.5461910397313499,0.5012889404352516,0.5050732096243461,0.5667575186534547,0.6937422176440087,0.2986963937621832,0.4497953248999289,0.489615972828787,0.601548718828582,0.5263225306644874,0.5118870342601864,0.5209288744083114,0.6102028916959559,0.49686290486860885,0.5381063668232267
10.4,0.5081783662591841,0.416848454979145,0.46330194151313053,0.3348020560683289,0.39658321064302143,0.3611250759637867,0.34100885364249567,0.37229588354928733,0.6212299597742325,0.7003909747952236,0.3015594541910331,0.44175650985369397,0.5903634409509924,0.7106359478631057,0.6177003983413965,0.5800208580871784,0.619622548718264,0.6917171585376791,0.7518797673207938,0.6216325584144549
20.9,0.7177914445960617,0.677153041722547,0.6318120374311982,0.5756280996004959,0.63539521803837,0.6532278765979049,0.6232010725373568,0.6398099995720712,0.7394066864539665,0.7828019870882973,0.2877717441752528,0.345232848435822,0.310621385640949,0.4021128560373315,0.3643077599456823,0.3296823033139453,0.31552397930955767,0.31207645950728646,0.2187727756275324,0.36247804295472497
11.3,0.6807067549874924,0.6295720091800731,0.6745983735431006,0.4710036678605868,0.6533846226516145,0.5292500559733166,0.5028348489748649,0.52454847871279,0.8067786356428066,0.8765086010970606,0.45396825396825397,0.5143028494121258,0.6619476382669909,0.7889967776353954,0.6846898273144841,0.6566872999154261,0.7190315186749687,0.6404103500860332,0.6531993390824109,0.5814392303250477
21.1,0.32830079640056475,0.2035866332501706,0.23188764523651265,0.16534431395509017,0.14457187678588423,0.15862058784694233,0.1638323000345598,0.1841265408255424,0.2165332532176397,0.25902626591670963,0.2877717441752528,0.345232848435822,0.310621385640949,0.4021128560373315,0.3643077599456823,0.3296823033139453,0.31552397930955767,0.31207645950728646,0.2187727756275324,0.36247804295472497
14.5,0.36506949021066293,0.25825769387567377,0.4040710855623588,0.25252703540432564,0.2908023181317099,0.24603464249384843,0.2508107578834703,0.3173408048216325,0.4516375582432507,0.468840642373204,0.38638366750208847,0.46489839467775007,0.5968834930334803,0.7475644606962666,0.6002510242178096,0.6134586548090342,0.6666028506441615,0.6595782331786635,0.5957244064190492,0.5618199757203199
15.9,0.4407877046034816,0.3243300329433354,0.3869544173131205,0.23593125774900123,0.3022951792520426,0.23168524379352284,0.2310564102267276,0.2615411295971388,0.2860820941196799,0.32725600819263717,0.335595238095238,0.5028696355597708,0.5471843310939597,0.6164903570337088,0.5839769965377806,0.5442819266231171,0.5572034530908325,0.6248265063974492,0.5535411149589189,0.5157795186803493
12.3,0.5909350832208359,0.48230928125386807,0.4450614695724816,0.27523591403774617,0.3352070078843356,0.31329556945570974,0.2936596767965881,0.28917632697370943,0.42540088429672385,0.560665711957088,0.34539125591757175,0.4736049317284763,0.44564296220772603,0.4799285825348911,0.45843829608448305,0.46282123789115404,0.4389254318559046,0.45454916127769573,0.556800434575949,0.5392453293443122
12.7,0.3971597750717599,0.31383665511019154,0.3603494318212128,0.27991329728612746,0.2769110914924886,0.34403647027208634,0.34682349559102543,0.37212471199259456,0.36760725864596433,0.3733348411029398,0.21089529379003064,0.3267967475139124,0.40246385235069315,0.5103399835932851,0.46544782826823416,0.5065765237559083,0.489183184185336,0.5059636132336269,0.48046897987822823,0.49398236767801684
13.8,0.7870142741986698,0.6831943565942882,0.6804947865822107,0.5032997830279653,0.5748805640583139,0.5757236276832678,0.582180232677323,0.5907648440649642,0.6875624716633665,0.8483171105559393,0.3426274018379281,0.4879670567232459,0.6332081059053876,0.7305250684953539,0.6740744811545696,0.6673238866606825,0.6748359957495018,0.6557128527975078,0.6273896018650547,0.6017541386851688
30.7,0.43737707687478944,0.29840120917144275,0.33854550640336945,0.21003452610552417,0.2705243206238811,0.23456113776051513,0.23280007929714938,0.2601086939384999,0.5303042701953437,0.861120481878098,0.24131161236424398,0.18727597316559508,0.14088247995765868,0.3023339356277712,0.22578883828615703,0.2744913895533152,0.20464568934477345,0.24606326502320042,0.2237568185419072,0.20633181320105298
15.2,0.3515956116691171,0.26399467183282355,0.3965529811204537,0.23194267461082788,0.27687450061772056,0.1903292324506909,0.19357114278334445,0.25044425775733736,0.41238512337277355,0.4266040878928318,0.35952079272254706,0.47119206683496295,0.4982882698591542,0.5701226214284563,0.5346762656247506,0.536275949380224,0.5446416496149082,0.5887153726340852,0.5357340636623587,0.512478573409658
9.5,0.41422886542620085,0.42940235270604343,0.24966899358044922,0.6404162074665931,0.3870695832033249,0.7857732368541985,0.7501150990406443,0.7076569992274758,0.5196363610667819,0.526512829820642,0.24455931495405175,0.377749340994993,0.4939523919304616,0.5219024283010472,0.5398828908204201,0.4419942821860521,0.5073356225135903,0.5283143190325132,0.6451664742762726,0.5612743649317757
7.8,0.4422074068807478,0.4902640576968281,0.39389995088693364,0.6799640962942555,0.42585591045747245,0.6856199560797411,0.7341182014692642,0.7249993806292357,0.5248084734199243,0.5527815973551947,0.4174175020885548,0.5640187915219648,0.6857657435337945,0.7329887565747497,0.6758738426028519,0.6425077785445346,0.6497027285740631,0.7675675014474788,0.7167289106176864,0.6503422949905353
11.2,0.6779417917508691,0.6583761354435539,0.645518174857453,0.5848580210772834,0.6699835740236724,0.6645264220024478,0.6333736813050458,0.6426388347721506,0.8038495195679771,0.8925397397070176,0.4195697577276524,0.5423785547915594,0.6301591373269735,0.7558670090987565,0.692443922856145,0.6729586833462182,0.6965899410726362,0.7197436127443384,0.6645390552499943,0.6083560292265513
23.5,0.3208559050043708,0.3074120801314554,0.3070612213398941,0.4444805586168893,0.31611655058488847,0.4662373602136472,0.47086758268379847,0.5085642084779471,0.30623030967253395,0.26963133449330223,0.25442355889724316,0.29911853721809245,0.2576459624707361,0.27456583864585626,0.36017720607918235,0.371912146982063,0.35411218154194746,0.31941742030711007,0.2923609696475862,0.3523190731891406
26.5,0.3373606086322152,0.29052478812813487,0.40100196345575323,0.3678773763603801,0.30306358762217195,0.28639283891467265,0.2417837131661967,0.3574062103743477,0.3962487710819427,0.3838417146001195,0.17802283486494014,0.23662812591528481,0.24103086958921738,0.37739465655812876,0.326564159201828,0.34495488530646345,0.3246875795870694,0.3712159638578778,0.2739480772277678,0.26395626929529814
5.2,0.3322963201985426,0.27168656023202276,0.34564751897218904,0.33521533613445376,0.3257299713194071,0.33925515986498606,0.34462642432801815,0.38243104151135476,0.39009192865539444,0.3681114963948151,0.35325814536340844,0.4989190923164899,0.6134498803466537,0.686824764488577,0.6246142009505593,0.5865844103958366,0.5898673036559556,0.6210981268399289,0.5368823702496548,0.4136684596043412
15.5,0.5213962578197566,0.4019779628277441,0.39787949623721364,0.3124526449924231,0.3522217646514853,0.3557696802590929,0.3311401208123905,0.35244673974490937,0.585139146690361,0.6607550061276897,0.35952079272254706,0.47119206683496295,0.4982882698591542,0.5701226214284563,0.5346762656247506,0.536275949380224,0.5446416496149082,0.5887153726340852,0.5357340636623587,0.512478573409658
8.8,0.40975934793051616,0.3588592135161929,0.3776368044286401,0.3653438834550212,0.3457418533743773,0.34269147043201015,0.339216950296267,0.38991304034468544,0.436909917029653,0.4595881318259438,0.25332428292954595,0.6946958813930462,0.7222061674237676,0.9903597145446061,0.7027268746598498,0.502703249606965,0.36337809236930174,0.8189958165819924,0.4224983590231093,0.49465756102883995
19.4,0.37317144017819737,0.26021714665973206,0.28644013487066833,0.19378960600633696,0.21761724215242167,0.19810398762381454,0.19433806776867515,0.2161243606404519,0.3414047767158751,0.4141966644715315,0.2524993038150933,0.46737750875186546,0.4987580080071954,0.6165332504061467,0.50470759046888,0.5315699083178107,0.5366693305465053,0.6265341238063393,0.495914533396709,0.5753920440853517
11.2,0.3495986093754131,0.2848122252592825,0.3819719838584804,0.3143963528034165,0.3450566060832662,0.32101291609907406,0.31492134557229845,0.37000984236450984,0.3966887083601076,0.41819098689539147,0.4195697577276524,0.5423785547915594,0.6301591373269735,0.7558670090987565,0.692443922856145,0.6729586833462182,0.6965899410726362,0.7197436127443384,0.6645390552499943,0.6083560292265513
11.9,0.6014191553614614,0.4806797160582009,0.5170311382531041,0.34571092781374835,0.4591203420648032,0.38162812230641235,0.35041453742485396,0.38378239590629715,0.6896139926496283,0.7589912641222737,0.4250487329434696,0.5440801126933432,0.6874174034736813,0.7459425550509626,0.7015222775129457,0.663359812380987,0.7199747077782366,0.6948681774813048,0.6362463502410538,0.5692448292010894
4.5,0.35746432209937884,0.279965546335863,0.29304568226442174,0.22771731643477064,0.1901108836563199,0.24094988700087733,0.203726869554501,0.23550053040660004,0.3838644227282084,0.4902566724348356,0.5574366471734891,0.7224424329488559,0.9040026236066148,0.9744130310065466,0.879281460904219,0.8702948669388941,0.8805076008395611,0.8962515596075908,0.7932459654602657,0.6572154753406658
10.5,0.9370818942611214,0.9555418275885954,0.8370698027902339,0.6564953850392615,0.8165533125718927,0.7501170723946164,0.7002143290045482,0.7097921391714846,0.7676378946926925,0.9469619867842094,0.4499533556112503,0.5800499309613802,0.6807674698756059,0.7745363494523052,0.6520141325216411,0.6752520352200735,0.6811458781582345,0.7019726487641382,0.6747153753876098,0.6087697840745303
14.8,0.6026618696073723,0.5424442115232403,0.5462820412969406,0.423177262708362,0.504296766630719,0.5361527482420005,0.47861641909218744,0.47893801562616134,0.5428048714049659,0.6254396209543231,0.33799081035923145,0.46720665560189123,0.6578726057154363,0.6664316467301845,0.6732980079384636,0.6287597739855031,0.6220200405729392,0.6273316643153628,0.6188565220343585,0.5646275979030357
18.1,0.667004235255226,0.5595063836939006,0.5380348869919367,0.5432200544152087,0.5395371054755251,0.5718198476596319,0.5464531045871037,0.5898459230764034,0.7291764351358074,0.7389309596731815,0.3204660957950432,0.4210030823302977,0.48517889555253224,0.5745312558643283,0.534904952941823,0.5008172011767695,0.49536265357560016,0.5567285344989275,0.4947964056947556,0.4751201480423939
24.15,0.5262995099330545,0.4825363983543094,0.5796511869820856,0.4023582793773246,0.5294712884711468,0.45564685334280314,0.4397926504951609,0.4693726787672946,0.46079190077750365,0.47281912688102967,0.23111876914508506,0.23913164758225358,0.225736238782837,0.3212588489920951,0.2913724607287149,0.3595719768312655,0.2994651748939572,0.31233904441925486,0.2461857661287279,0.2667839729862036
11.0,0.4439218360085113,0.41125001845326437,0.4832743514212382,0.42335807273729154,0.4149218917881429,0.38821096705215125,0.3846608732477994,0.4353050344707985,0.4805776809561183,0.4349411668933072,0.44851712614870504,0.5368484916107616,0.6658419190426867,0.757591680115526,0.7122989457337408,0.6842006042964892,0.6925502112076158,0.7208852862746378,0.6693676769048538,0.5725882108664451
18.4,0.7984311416290132,0.7428353071702003,0.68102112501996,0.5430952093952334,0.6791778629199385,0.6662787490298643,0.6066277753700834,0.6207266232581606,0.7702501647485326,0.853420087102203,0.3204660957950432,0.4210030823302977,0.48517889555253224,0.5745312558643283,0.534904952941823,0.5008172011767695,0.49536265357560016,0.5567285344989275,0.4947964056947556,0.4751201480423939
25.3,0.5176931820564217,0.473718576929672,0.4910342870372444,0.43359321187491384,0.5078693665853464,0.4767622573361951,0.4706529401564574,0.4933884986227447,0.6930195174868231,0.7339071727070894,0.1946523716699155,0.20740642593806524,0.18485603175170118,0.27602600053259274,0.25590819888350924,0.32531524940634005,0.2693832386338688,0.2999469937289503,0.23772662456712168,0.2539424168436115
17.4,0.2935025186992033,0.33260901904717566,0.23753618132216928,0.5751997520319603,0.2927981840281498,0.6448872373457248,0.6579080456942588,0.6236478010085609,0.19724895594677808,0.19801227818602646,0.38836118072960174,0.5071284118328012,0.5663106830793607,0.6529400725970329,0.5931181072490332,0.5811208368140051,0.574239872133768,0.6339938186533145,0.6227038772322944,0.5984541027657921
9.0,0.3673012105373661,0.3149217070575503,0.36741588098207645,0.26285688455710154,0.29641402774386655,0.2522456986659078,0.2508758741558097,0.28331144889965976,0.3521182751996871,0.39540339330518615,0.37028717627401847,0.508912258190491,0.6478912112425441,0.7450257092151047,0.6476158904002738,0.6327030939495981,0.6358596281692119,0.7027701892731615,0.5935266290939545,0.4192905241046301
5.8,0.36398325465341796,0.29573087986300295,0.42146514839365423,0.2568363410938145,0.33365688537143395,0.27914569546743256,0.29914873738342074,0.3421651850567231,0.4663492431825109,0.516965734035143,0.4677304372041215,0.6494260728880461,0.8971085127592355,0.8927065181841087,0.8650071176711476,0.8172509871271356,0.8201245290640999,0.8428554885954966,0.7591308481021257,0.6576819725648708
9.3,0.5151188797462798,0.5018640636018729,0.4783843828272838,0.4642146817743491,0.5092265553949253,0.5708165652585995,0.5345102978972991,0.521667841594238,0.6387157569804712,0.6886645817633998,0.23821358952937893,0.3849216864949303,0.4588519123429653,0.5693987957685687,0.4947091682340907,0.45639777721279917,0.4935144771623532,0.5311717647826333,0.7968266902061969,0.7576897020510418
8.3,0.4884734455665335,0.4673479422622906,0.36325496225122067,0.5891264292602286,0.42311824773618917,0.5761063512149969,0.5649413025039135,0.5818841934328682,0.5415238105224336,0.5893671833945151,0.2560637705374548,0.3208273476617527,0.3697726748773431,0.3930426949905903,0.4101054975367362,0.3808883884792793,0.34694078282939156,0.3715609123602468,0.4193748443901224,0.4551348795336847
9.7,1.0,1.0,0.7056381160071254,0.685052607108417,0.6954574757485663,0.7567545919306025,0.7237285384604438,0.6879812792371156,0.6832633954632665,0.8275694405509567,0.29851248491599375,0.3994197966498836,0.4947100341047215,0.5812337921136961,0.5225753382888163,0.4859207911545109,0.49226743011706464,0.5304378317988696,0.4226869770565025,0.3350989904684827
49.1,0.5492935215088314,0.44553334476489403,0.47773357246168846,0.3316421855627496,0.4230716775319389,0.3645668540098355,0.3415297838212109,0.35318548014747786,0.6380455934582923,0.7711167726381628,0.023086883876357545,0.09352989581444648,0.10058024567088686,0.12541485933654695,0.05718778419717463,0.1088978939558245,0.07622970255293371,0.04684938879692058,0.10712749824585233,0.04551303327771117
14.9,0.48926723308913556,0.4942045393894865,0.5792742148577517,0.5022020078523213,0.5445666875345534,0.5552588536938152,0.5667669698432072,0.6130441735229134,0.516451944602551,0.48438714075251,0.4042536897800056,0.49914224745115,0.5756089007802632,0.7333479885689163,0.6243695587043889,0.6003185787444676,0.726097533130176,0.6502646236147014,0.6079536452321133,0.561524436543192
19.6,0.380671023154896,0.32987396136511005,0.44307703140853494,0.2814609450337512,0.3759592630464765,0.30016268483838,0.2898805212871123,0.33400750902592125,0.561735851172638,0.575904954765328,0.3287997772208298,0.5041716062985537,0.6095261597607584,0.711932400045038,0.6485359579782624,0.6504236474671949,0.666999095451791,0.7356885514609341,0.6359530114755212,0.5555054401942374
10.1,0.4522379946663556,0.3689557042163154,0.4557980624344077,0.2729628736740598,0.3999861619964514,0.31229502079418964,0.29920179508680844,0.3466989790517546,0.6012960141910546,0.6355822223827131,0.38877749930381506,0.496994379280046,0.5797196507486047,0.7158260459280785,0.6020326579670938,0.6304123363651928,0.6481131826923923,0.6659218606016619,0.6283243928385507,0.546520139858232
17.0,0.45061927580447525,0.3648653252373657,0.4062582351516548,0.3913353251136519,0.3810287624234336,0.3931070945187702,0.39104709136464166,0.4433546021500049,0.532788890056483,0.5160946486532544,0.3521129211918685,0.4485766886567457,0.516769327181279,0.6538183143976966,0.5487751046377431,0.5574816713450352,0.5557623233715938,0.6215360401869081,0.5859894524795726,0.5171867398391359
23.5,0.4998667652330485,0.48465994324343653,0.6090550126801331,0.44893408182945305,0.533632668865224,0.4428638873830541,0.42807172147406836,0.5087826774384627,0.5241246330911703,0.47770987535243314,0.25442355889724316,0.29911853721809245,0.2576459624707361,0.27456583864585626,0.36017720607918235,0.371912146982063,0.35411218154194746,0.31941742030711007,0.2923609696475862,0.3523190731891406
11.9,0.649907039505248,0.49752044905593096,0.4667871554928217,0.3480033406805344,0.40618665204805776,0.4052503654326293,0.38508051144732003,0.3967644071270431,0.6455245271870981,0.733175460986303,0.4250487329434696,0.5440801126933432,0.6874174034736813,0.7459425550509626,0.7015222775129457,0.663359812380987,0.7199747077782366,0.6948681774813048,0.6362463502410538,0.5692448292010894
9.7,0.6359439751602995,0.6705666458097462,0.699851949532679,0.6242294048767048,0.6928628500831944,0.6887364191238201,0.6738977081242679,0.7339363376944544,0.7931496978907402,0.7393902592381771,0.29851248491599375,0.3994197966498836,0.4947100341047215,0.5812337921136961,0.5225753382888163,0.4859207911545109,0.49226743011706464,0.5304378317988696,0.4226869770565025,0.3350989904684827
13.9,0.024474634196883005,0.0241385732276633,0.00560088111899551,0.58409818845571,0.022459478932637528,0.44996067515711485,0.5822477606634529,0.6354924222802305,0.04309766903906073,0.02972428405492461,0.3426274018379281,0.4879670567232459,0.633208105905388,0.7305250684953541,0.6740744811545696,0.6673238866606823,0.6748359957495018,0.6557128527975078,0.6273896018650551,0.6017541386851688
18.3,0.6703145950863262,0.5785387967108901,0.5779263616962181,0.38699803691968593,0.5103043229790027,0.4445177997880259,0.4147590613513459,0.4300302478158735,0.6566118583839623,0.7122187304896672,0.3204660957950432,0.4210030823302977,0.48517889555253224,0.5745312558643283,0.534904952941823,0.5008172011767695,0.49536265357560016,0.5567285344989275,0.4947964056947556,0.4751201480423939
12.1,0.4595940122442296,0.4313385259873064,0.5258899831749516,0.4104021731643477,0.49997239052176595,0.43251941706832137,0.4408272757112204,0.4864019964008929,0.6547654894963266,0.6763015045069957,0.34539125591757175,0.4736049317284763,0.44564296220772603,0.4799285825348911,0.45843829608448305,0.46282123789115404,0.4389254318559046,0.45454916127769573,0.556800434575949,0.5392453293443122
17.3,0.23930544123496025,0.1639762753476879,0.09073470088862287,0.39811785369885655,0.14332113415744857,0.40769432855667026,0.4418884297789736,0.4396271162772889,0.2874588926482379,0.25557676780443084,0.38836118072960174,0.5071284118328012,0.5663106830793607,0.6529400725970329,0.5931181072490332,0.5811208368140051,0.574239872133768,0.6339938186533145,0.6227038772322944,0.5984541027657921
8.1,0.26549663145440405,0.1964426648557863,0.17946967134787806,0.26492974238875866,0.16481660986210567,0.284599505794571,0.2765678611643899,0.2974308500694822,0.3579901841559211,0.42525152986349934,0.4488095238095238,0.5960752590691643,0.7340643497968977,0.8287857422430018,0.7381813862706061,0.6999392936268685,0.6944822559256689,0.7510580867182592,0.7084493334238697,0.6015358943697513
34.9,0.41178141719861827,0.307103200874855,0.40593105179845934,0.22867517908802862,0.32407672906852275,0.2514255768122028,0.24382402303283138,0.26884970461645186,0.5919137248805503,0.861263023122407,0.18338902812587016,0.101730847013208,0.1609491741159128,0.1797688047225603,0.12946893132112147,0.1420088102069721,0.16106666432479444,0.15333572541120644,0.13017813087073615,0.012378544765091704
21.5,0.6931961850799547,0.5681595452207181,0.49256706992014954,0.33009023281443717,0.3772432701065194,0.41099668588758914,0.3904055754964091,0.38064725371003094,0.3965131893423941,0.4308043032251382,0.2877717441752528,0.345232848435822,0.310621385640949,0.4021128560373315,0.3643077599456823,0.3296823033139453,0.31552397930955767,0.31207645950728646,0.2187727756275324,0.36247804295472497
19.8,0.4320476861967263,0.3348290887039903,0.2848803237977168,0.4222366200578592,0.28414943181024377,0.42728157216265866,0.4266246931998594,0.4164401271174035,0.40673204332174073,0.535359889717423,0.4658660540239487,0.6172540760680065,0.8701996603598368,0.992697403342466,0.8578912192934094,0.8273033398882379,0.9014938218479129,0.9875264012003879,0.8722799393404403,0.6141213165588326
2.7,0.6738497980817233,0.6095573147036746,0.6941546915781227,0.5535714285714285,0.6564748883479354,0.5883507704908129,0.5752417321024911,0.6426005463976271,0.7630379287479409,0.7573251153554613,0.5811879235124848,0.7569410545009927,0.8914558527316792,0.9700979577393045,0.9009243222257479,0.886013839669453,0.8875023052806299,0.8728966703906966,0.8973812272243724,0.8267897928346146
4.0,0.998989724971234,0.9533104020767587,0.8794400470290507,0.6900055104008816,0.8829092007421959,0.7826677087681688,0.7367710866386473,0.7333327327313801,0.8172641873503672,0.864471784910964,0.5916527429685323,0.7363910235847084,0.9009426150993756,0.9585864489113127,0.9604175936775934,0.9324602684570722,0.9336570971906315,0.9169024766160794,0.9550711844458024,0.9294206977452635
11.9,0.22152915836038292,0.15105047336881652,0.14977173626603418,0.2013018322082931,0.14537354958762083,0.2702473733547331,0.29237182163254205,0.32016513550706205,0.22705755587716317,0.30353714513961283,0.4250487329434696,0.5440801126933432,0.6874174034736813,0.7459425550509626,0.7015222775129457,0.663359812380987,0.7199747077782366,0.6948681774813048,0.6362463502410538,0.5692448292010894
9.9,0.5155662872590191,0.47614872990439494,0.5615778630588301,0.3885327696652431,0.5226554064348048,0.47293502201890497,0.4413361473209838,0.4439176664812309,0.6944008749509061,0.7288992236570317,0.33507101086048446,0.5329897674072628,0.6818346629953491,0.8826991369496018,0.7714403223604787,0.7944388811348457,0.8359852110758854,0.8904450080324886,0.692214602053673,0.38575137425717343
14.1,0.6172197048903085,0.5159566796842617,0.5210604723745225,0.4305431188868989,0.476594147988134,0.47249488995741656,0.46156077916684446,0.4980304009693717,0.6230626518552931,0.682513135175663,0.3815743061357097,0.43630548078308884,0.5565206473727675,0.712567936846658,0.6201911400505948,0.5891095187938977,0.6342270503824567,0.6644800900291126,0.6243664320258331,0.5834322252887567
14.6,0.24501767297655588,0.23331569390519905,0.12422262835634107,0.7165436871469899,0.18601935856861823,0.6779654854451609,0.7124127773561297,0.6903146178257159,0.2528679693521001,0.22176915223753324,0.3666597048175995,0.44893234215261035,0.6178203933461699,0.7140459709719102,0.6249013896743245,0.59876200507443,0.6712977193090306,0.6610289740432367,0.6038794957108258,0.554249626029272
17.8,0.5136695528629068,0.4035677825308339,0.4096011954995218,0.3767801177848188,0.37194757259463235,0.39374132208563545,0.3843955847308611,0.398199095043007,0.5765090817414861,0.6819904839465298,0.34465628356605776,0.464768386887245,0.5348576475396034,0.62505601031892,0.5807244702773602,0.5602382891921156,0.5580277085322358,0.6229189796234573,0.5766460695774196,0.5640264517306579
20.8,0.1861171195889138,0.24047612828936535,0.17004643514176818,0.5114685218349634,0.2576443327055226,0.5248159304842848,0.5351301083414185,0.5632512685839384,0.13090732618659404,0.11872101859339662,0.2317411584516847,0.23551932383994212,0.29734424771002677,0.38421202193996007,0.36589970731568955,0.37150224924895303,0.329325804213614,0.3699022238169407,0.2580294696815373,0.3373693375830351
12.9,0.7385210728178896,0.6725141749460313,0.7355149350309882,0.5286971345915414,0.6780934424495397,0.6387964657122089,0.6183294106808532,0.6448843353250796,0.6962472438385418,0.7620321440008666,0.21089529379003064,0.3267967475139124,0.40246385235069315,0.5103399835932851,0.46544782826823416,0.5065765237559083,0.489183184185336,0.5059636132336269,0.48046897987822823,0.49398236767801684
12.5,0.14649230990801787,0.12134753118033889,0.06800754940024092,0.6374651294944206,0.09278580965959182,0.569173587811677,0.7320151870440805,0.7387539161124237,0.13605664386211133,0.10588090330603828,0.34539125591757175,0.4736049317284763,0.44564296220772603,0.4799285825348911,0.45843829608448305,0.46282123789115404,0.4389254318559046,0.45454916127769573,0.556800434575949,0.5392453293443122
20.2,0.5595459140375969,0.5089955405557328,0.5175859274172181,0.4137514637002342,0.4681050650419432,0.4911253247340824,0.5071397580906365,0.5066137536345803,0.5942547382726513,0.6813981458868457,0.3841302329898821,0.45163112456240695,0.4288492822422747,0.5552350467448397,0.5156048070428605,0.487774843348155,0.48939043989145414,0.4701215882309766,0.475955727575202,0.4796388662814046
19.3,0.3122313466009031,0.22685761915414773,0.2978645240424641,0.308728819396611,0.4220138686068258,0.4866501931523653,0.4755897182853004,0.5250529843535684,0.558786219887946,0.6887057603450891,0.2824296853244223,0.4194674960599174,0.46709549213729784,0.564889629991046,0.5048862856747784,0.4865465337698658,0.49086406309004227,0.5711114191817461,0.5232774269482361,0.5535321478423367
14.0,0.7180421143400415,0.6858402708144306,0.5965011296716537,0.44387355351976854,0.5721196162349054,0.564189980680663,0.5187473365635827,0.4994222959961623,0.7236532847472379,0.8360015470476382,0.34405759769794847,0.4516171773664903,0.5316440077539264,0.6997124356822815,0.5927415709223192,0.581862803596723,0.6048828039238072,0.6292594616193821,0.5920704978761608,0.5132227259018114
9.3,0.37429793481553597,0.3372512925801979,0.2793185624274729,0.2301216593194654,0.24861636596729314,0.2730330539178178,0.24375649504670163,0.2358586393212597,0.3783412723396389,0.5104816912106851,0.23821358952937893,0.3849216864949303,0.4588519123429653,0.5693987957685687,0.4947091682340907,0.45639777721279917,0.4935144771623532,0.5311717647826333,0.7968266902061969,0.7576897020510418
23.3,0.3523506593221951,0.33981033450942133,0.2992977293830923,0.39890351632456256,0.32148542984631173,0.4235008104170785,0.4116937731238133,0.42916312874578544,0.2308893411859478,0.25908328241443324,0.25442355889724316,0.29911853721809245,0.2576459624707361,0.27456583864585626,0.36017720607918235,0.371912146982063,0.35411218154194746,0.31941742030711007,0.2923609696475862,0.3523190731891406
10.8,0.8703809542040053,0.7632417786448603,0.6424277147060737,0.463881044220967,0.5683973263380453,0.539006772292894,0.5013709387041234,0.5013795076115037,0.6880457188290192,0.9110067498030554,0.2591200222779169,0.3652561402530021,0.5870384741519548,0.7127269997694481,0.5796957572297989,0.6060260155346051,0.672878483169256,0.7168078808092833,0.6314931757995517,0.5569776799719919
7.3,0.450267578557619,0.375788522183095,0.3656732739922308,0.3954681257749001,0.3715384200858622,0.4874785162246073,0.48387395515514675,0.5138029590156735,0.4777397435917894,0.554400232373904,0.6854218880534668,0.8748239166515572,0.9876774912086452,0.9999999999999998,0.9410589463719377,0.8739538527792623,0.8983586401917993,0.9161342934264067,1.0,0.908260092662899
29.7,0.2216879158649033,0.1961633108222434,0.10984078617892165,0.7135431016668963,0.14976112811662778,0.6779654854451609,0.8028520444941899,0.7878373599940541,0.15507880234028396,0.12674165603150606,0.24131161236424398,0.18727597316559508,0.14088247995765868,0.3023339356277712,0.22578883828615703,0.2744913895533152,0.20464568934477345,0.24606326502320042,0.2237568185419072,0.20633181320105298
23.5,0.43846938927431267,0.4168314211966119,0.40740693322863464,0.33548224617715927,0.3942513739873476,0.37920602909847007,0.35383193586577744,0.3495706071410071,0.26271071115063205,0.3288968162937946,0.25442355889724316,0.29911853721809245,0.2576459624707361,0.27456583864585626,0.36017720607918235,0.371912146982063,0.35411218154194746,0.31941742030711007,0.2923609696475862,0.3523190731891406
9.1,0.5287781019773135,0.36337884381497676,0.3346548695729795,0.28404179294668674,0.2620884607682621,0.3024726947263158,0.29007828181792095,0.2850727141277346,0.4588703094537051,0.7195295125311175,0.3174622319688109,0.4624802995857684,0.593000035717417,0.6982411036464726,0.6159905617730534,0.5929339338248647,0.61274359131985,0.6760379035612059,0.7078189719562706,0.5884344153098386
5.4,0.6201335507627501,0.5754272924348429,0.6067647292077646,0.4848786850805896,0.5333133303217934,0.5274239179790667,0.5123804121570633,0.5464156450802818,0.6324814126499977,0.7491147396832607,0.44205653021442487,0.6156989637233437,0.8037392888337613,0.8712287342701959,0.7191790657148074,0.6796363843906792,0.683912214913629,0.7338155544863691,0.7223602906226656,0.6887790594579357
39.6,0.340655016752335,0.2929697037143866,0.21461663179674514,0.40377031960325105,0.2422362479850071,0.3671393028909569,0.3578908501749336,0.36441298291212376,0.32877424584378945,0.395669470294563,0.14095064049011413,0.10937391037531907,0.12565549577398016,0.18392275975958272,0.17746002847068443,0.17860904576845416,0.15912364207993424,0.15651854811746202,0.1107863108576086,0.0997331053892705
81.2,0.8727433266396917,0.870906640109107,0.9999999999999999,0.871949907011985,1.0,0.8712408689683113,0.850362806164051,0.9180178333734986,0.40513641588798155,0.36779473807412844,0.0,0.10233755003556544,0.0,0.0,0.0,0.0,0.0,0.0,0.0,0.15231634513519765
5.0,0.3421202953466884,0.2428046463616408,0.2758735350987721,0.11491123088579688,0.18223053980854326,0.1298288433028713,0.1182364391142354,0.131061105993482,0.3130550361534985,0.4336677984441465,0.5388579086605401,0.7272625838575155,0.8828760962811677,0.9571253934126502,0.8600318389474,0.8203428612937205,0.8539470795387685,0.8777618305919574,0.9145741382042054,0.8102092872049722
8.2,0.1939820727075948,0.09329459472656801,0.11133124860635896,0.16379020870643332,0.07650187245485524,0.2419449681833727,0.2712210916911878,0.27855242917213785,0.193863946319446,0.2510154479865415,0.47113385315139694,0.6646605949873781,0.8746957254910874,0.9570869680998417,1.0,1.0,1.0000000000000002,1.0,0.7624725560761414,0.6485811846119569
18.3,0.32570750395830317,0.27901222230676026,0.21600075963439394,0.3831751963080313,0.2620685021092976,0.3648484291796075,0.3500286632183983,0.3495841206849565,0.33943987550458876,0.3513391433144513,0.3204660957950432,0.4210030823302977,0.48517889555253224,0.5745312558643283,0.534904952941823,0.5008172011767695,0.49536265357560016,0.5567285344989275,0.4947964056947556,0.4751201480423939
35.7,0.3678671164745322,0.32462074283190046,0.46086940440893787,0.3078226167516186,0.3836100823161625,0.30836390337543024,0.3101389171260378,0.3758994952691336,0.4726086616583721,0.4944980663488313,0.18679598301308825,0.1556704068397049,0.14589038649491992,0.17795924057284118,0.16062093038509895,0.1767696945483599,0.17290790294109915,0.17066999926606696,0.13685747266924686,0.06619281885267148
36.1,0.4396703252295604,0.3218612700615374,0.3709544400737016,0.25820102631216424,0.31458638673095135,0.2586754539989552,0.25115563295549015,0.2853317237200985,0.24115606398830722,0.28883005631012665,0.12125452520189356,0.0,0.17230081857825197,0.07388919569565022,0.015359278411740118,0.07439903284889282,0.12243016097445314,0.12025247294641472,0.1240985944184152,0.024757089530183407
19.6,0.3036159034608529,0.25483447137927073,0.27380338912165136,0.2648113548698168,0.260531685369039,0.2725519157636442,0.262386984077142,0.29053894265527636,0.3700326123452783,0.3858499623532735,0.3287997772208298,0.5041716062985537,0.6095261597607584,0.711932400045038,0.6485359579782624,0.6504236474671949,0.666999095451791,0.7356885514609341,0.6359530114755212,0.5555054401942374
4.2,0.44044512262004276,0.36991754513668473,0.4112086615391346,0.28767521352803405,0.3836100823161625,0.3239462185958257,0.3135153164325254,0.35945801679733524,0.4272472531843595,0.468840642373204,0.5783370463195023,0.727188198812629,0.8919591436045802,0.9864260348472909,0.8964099636759446,0.8904708289446601,0.9098543062642157,0.9015502295579276,0.8989686365934069,0.8207350286673001
15.6,0.42746650672417796,0.37084134394273016,0.4054224950646881,0.3306606454057033,0.3736806494813743,0.33791016002490987,0.31901643558830983,0.3830616735623279,0.3711108005969471,0.37002154906855633,0.35952079272254706,0.47119206683496295,0.4982882698591542,0.5701226214284563,0.5346762656247506,0.536275949380224,0.5446416496149082,0.5887153726340852,0.5357340636623587,0.512478573409658
9.0,0.22031530911529382,0.2037598100392571,0.18306868823302855,0.38258110621297703,0.1755776534870771,0.39374132208563545,0.42167103307448406,0.4445077579003557,0.2545502165608349,0.24782885928043275,0.37028717627401847,0.508912258190491,0.6478912112425441,0.7450257092151047,0.6476158904002738,0.6327030939495981,0.6358596281692119,0.7027701892731615,0.5935266290939545,0.4192905241046301
20.6,0.6596459388614977,0.5860563727355006,0.5735200554504657,0.3752647575423611,0.47275875902380876,0.46637404718926473,0.4384420907725659,0.44662037527111553,0.5740449770902093,0.7456874146534299,0.36389358813700917,0.443786001199459,0.4118632152818593,0.5095571795462954,0.4786106447741403,0.4448959949359468,0.4524515012865662,0.4547216355288801,0.4073312057219165,0.4938266412654533
10.8,0.3542033366117897,0.3339932977743659,0.44835108480841457,0.29023884143821466,0.3550725264402335,0.2642358801670752,0.2608893098133357,0.3236989272498362,0.31791714089093914,0.34965082146519094,0.2591200222779169,0.3652561402530021,0.5870384741519548,0.7127269997694481,0.5796957572297989,0.6060260155346051,0.672878483169256,0.7168078808092833,0.6314931757995517,0.5569776799719919
16.9,0.3959482046425252,0.36127744284314267,0.3090136524366802,0.3640050282408045,0.3289067245379072,0.40406938996329417,0.38252891825713153,0.40746037716301176,0.332063517825096,0.37509918494916494,0.27337092731829565,0.47543201439350624,0.5054728823630643,0.59287219383515,0.5850140669291548,0.5531025107533296,0.5253405228815569,0.5861678096993319,0.36531540707543964,0.44512746832047356
29.0,0.48190741748483756,0.48360384872638407,0.3838390627761721,0.5063025210084033,0.40714134123518825,0.6086870587231852,0.590794874336447,0.5454269041146489,0.4537597427301505,0.519050003785262,0.24131161236424398,0.18727597316559508,0.14088247995765868,0.3023339356277712,0.22578883828615703,0.2744913895533152,0.20464568934477345,0.24606326502320042,0.2237568185419072,0.20633181320105298
21.5,0.11437088123024458,0.08907759796412232,0.022207925732223896,0.5901251894200302,0.046308745817829344,0.5926728126598384,0.6921543815172042,0.6349090876330803,0.08965807755615526,0.06434026685621483,0.2877717441752528,0.345232848435822,0.310621385640949,0.4021128560373315,0.3643077599456823,0.3296823033139453,0.31552397930955767,0.31207645950728646,0.2187727756275324,0.36247804295472497
11.3,0.7978538416125753,0.778078203231195,0.7692432711364892,0.611538262846122,0.7455270982039204,0.6675772752982305,0.6323438795165671,0.6804046855961388,0.8386911843179914,0.8641550265902771,0.45396825396825397,0.5143028494121258,0.6619476382669909,0.7889967776353954,0.6846898273144841,0.6566872999154261,0.7190315186749687,0.6404103500860332,0.6531993390824109,0.5814392303250477
21.9,0.3260075480457939,0.31235869057906906,0.21828819803412594,0.43404523694723784,0.25606759864733514,0.4705293312480368,0.47030565337064734,0.45092894353365665,0.3230801353730315,0.415881818737585,0.25471595655806173,0.24858087281552055,0.2912917690836534,0.383611514725831,0.37547798308422986,0.48232510597672396,0.30949248698065346,0.3743400719254324,0.24369751703220843,0.29441612825490937
11.0,0.77562019492687,0.7796907346443289,0.6954634249909046,0.634098618955779,0.6680209725588397,0.7102236116908918,0.657666874315224,0.6628370784618886,0.6346788195730604,0.7621588473291413,0.44851712614870504,0.5368484916107616,0.6658419190426867,0.757591680115526,0.7122989457337408,0.6842006042964892,0.6925502112076158,0.7208852862746378,0.6693676769048538,0.5725882108664451
9.8,0.45977403869672395,0.3544321334358388,0.3755812394487814,0.28138345502135276,0.2844421588083883,0.30593087520943857,0.29580127864241734,0.3111335836341974,0.5057361666509764,0.639123580407991,0.33507101086048446,0.5329897674072628,0.6818346629953491,0.8826991369496018,0.7714403223604787,0.7944388811348457,0.8359852110758854,0.8904450080324886,0.692214602053673,0.38575137425717343
19.1,0.7300894541567577,0.717676410368804,0.7994223791279781,0.6060579969692794,0.887233576851149,0.7698191330601236,0.7136186342513039,0.7817562652168136,0.7356592414523949,0.6877206419677533,0.2986963937621832,0.4497953248999289,0.489615972828787,0.601548718828582,0.5263225306644874,0.5118870342601864,0.5209288744083114,0.6102028916959559,0.49686290486860885,0.5381063668232267
9.6,0.07306886308053975,0.059180470654767225,0.039268048162812125,0.5148135073701611,0.05014945709121177,0.4092470925996852,0.5333478518503512,0.5607872990704935,0.02671741369764094,0.03127133169315874,0.24455931495405175,0.377749340994993,0.4939523919304616,0.5219024283010472,0.5398828908204201,0.4419942821860521,0.5073356225135903,0.5283143190325132,0.6451664742762726,0.5612743649317757
15.8,0.27123848780210646,0.16847887186393865,0.23333863228111876,0.09438714010194241,0.12434377592546642,0.12675885383050217,0.12145366531056004,0.1396444586586907,0.23093265107343555,0.31465852977892483,0.4464216095795042,0.5441498486729244,0.6800855919187723,0.6306344465950704,0.6827060977966244,0.6257374267761802,0.6451518850609035,0.7555693281251272,0.559453158597587,0.4747359471121275
7.7,0.16873051422543203,0.05370183839936951,0.1302396013484222,0.0,0.0333964914008118,0.0,0.0,0.0,0.10973107067284646,0.23668213397546578,0.4174175020885548,0.5640187915219648,0.6857657435337945,0.7329887565747497,0.6758738426028519,0.6425077785445346,0.6497027285740631,0.7675675014474788,0.7167289106176864,0.6503422949905353
21.4,0.5462513023432608,0.5132766978990532,0.5965900381915438,0.42065883730541387,0.5299735813884174,0.43302242513859385,0.4232482938933718,0.479953783679693,0.5922807191903149,0.5638681385792312,0.32928306878306884,0.4218747820750639,0.4489783195280106,0.5117704775640852,0.4890196405177196,0.47278849795829414,0.4469620353212902,0.4624325801006304,0.35801724723297346,0.4213724839385824
22.2,0.5400453271665538,0.41671218471888016,0.4384893517822068,0.3790122606419616,0.37689732001780313,0.3949359662525324,0.4001151352163511,0.4788141414732917,0.7540682231024515,0.7179362181780631,0.31250812215724494,0.4245944852787349,0.5355101475345785,0.6427160798317149,0.591023756889427,0.6319723690878305,0.5940036357568785,0.6522902786498894,0.545539183510257,0.4594239865658498
12.3,0.37277568582482357,0.3020515487682872,0.3791909253563186,0.2817515325802451,0.30437087978434,0.3132764332791233,0.32003659052162714,0.37493778139139955,0.42501337477709655,0.45784279347895973,0.34539125591757175,0.4736049317284763,0.44564296220772603,0.4799285825348911,0.45843829608448305,0.46282123789115404,0.4389254318559046,0.45454916127769573,0.556800434575949,0.5392453293443122
9.6,0.4386942324386095,0.43717543546865045,0.49093826583576317,0.35948477751756436,0.4601182750130231,0.3857287315749374,0.37742573187675466,0.4349086371816153,0.37869458984282844,0.3991538118221174,0.24455931495405175,0.377749340994993,0.4939523919304616,0.5219024283010472,0.5398828908204201,0.4419942821860521,0.5073356225135903,0.5283143190325132,0.6451664742762726,0.5612743649317757
24.9,0.821211704119765,0.7408934559614264,0.8246937368215346,0.6470631285301005,0.7703789550577571,0.7133810808276562,0.7229760837578553,0.7714589447273531,0.8768312389203621,0.8123682087411993,0.23111876914508483,0.2391316475822537,0.22573623878283477,0.3212588489920969,0.2913724607287165,0.3595719768312673,0.2994651748939572,0.3123390444192533,0.24618576612872967,0.26678397298620493
9.9,0.23012333255245912,0.16207757638799777,0.29553867716213966,0.14125353010056482,0.18993458216880105,0.1349108650563301,0.1360131814628925,0.19139457521300726,0.3766476277920916,0.41105758951352567,0.33507101086048446,0.5329897674072628,0.6818346629953491,0.8826991369496018,0.7714403223604787,0.7944388811348457,0.8359852110758854,0.8904450080324886,0.692214602053673,0.38575137425717343
13.6,0.10075267768458943,0.12517275094452326,0.0699112586281273,0.5388956812233089,0.16606402604738058,0.5001904049570352,0.5660482791336834,0.6172085973166607,0.08259400696012689,0.07251073098000904,0.38437621832358676,0.47474162819565136,0.574180204108802,0.7026738656043408,0.6102973112398931,0.5902164156259242,0.679259499951699,0.6443638024252407,0.5988909259636492,0.5624156008311472
21.9,0.6747932278454283,0.6261368630358969,0.6367802455226559,0.5165204401432704,0.626669957627767,0.5584627964022895,0.5287342433694149,0.5868346550330069,0.7073619286485561,0.6927856075155345,0.25471595655806173,0.24858087281552055,0.2912917690836534,0.383611514725831,0.37547798308422986,0.48232510597672396,0.30949248698065346,0.3743400719254324,0.24369751703220843,0.29441612825490937
9.7,0.09075779134736658,0.023792219649490187,0.018956718976883433,0.5979990356798456,0.00605878357295922,0.44805799245651917,0.6656255298233732,0.6578821123470999,0.06367214506350485,0.05578779219767238,0.29851248491599375,0.3994197966498836,0.4947100341047215,0.5812337921136961,0.5225753382888163,0.4859207911545109,0.49226743011706464,0.5304378317988696,0.4226869770565025,0.3350989904684827
18.8,0.15074837831867752,0.14887412375383682,0.051516441496949186,0.4849174300867888,0.1047776372540345,0.5086485950082462,0.533326146426238,0.47937945806184246,0.08795531513755792,0.0941548270325352,0.3204660957950432,0.4210030823302977,0.48517889555253224,0.5745312558643283,0.534904952941823,0.5008172011767695,0.49536265357560016,0.5567285344989275,0.4947964056947556,0.4751201480423939
28.9,0.14453024945741397,0.10061401108104331,0.06772837664778605,0.5080051487808237,0.055762829924948853,0.45283656912410714,0.5701988385668728,0.5305529967409837,0.07250736211100597,0.08912312110842605,0.03740740740740739,0.09815339126068712,0.11186694937543229,0.22971545609059074,0.20635041633501094,0.2241466084854018,0.19970316767513552,0.22115847244081643,0.1444059663656323,0.18459831679071725
4.0,0.3541433277942916,0.28538285697414156,0.29166582203572766,0.32039967626394816,0.18660148612174654,0.30728681000756425,0.31800351579636355,0.3217845085236679,0.3508942010112175,0.4111652873425592,0.5916527429685323,0.7363910235847084,0.9009426150993756,0.9585864489113127,0.9604175936775934,0.9324602684570722,0.9336570971906315,0.9169024766160794,0.9550711844458024,0.9294206977452635
14.3,0.28444802370454636,0.29558268595496495,0.20434307450640657,0.47037944276071075,0.21772701477672585,0.39921973606838507,0.4019239205591124,0.425917625940599,0.31077784785874785,0.3428468527368394,0.39048116322552423,0.468427533358704,0.5876888094550032,0.7025582066893745,0.6225415796848675,0.6002229606475937,0.6244258126192632,0.6426876392870828,0.6279286183136255,0.5918714385093393
10.1,0.5540721983554243,0.5085924077024493,0.5396174586459801,0.3946609381457501,0.49038890777569405,0.4417703915781141,0.4290364069902076,0.4371608945065192,0.7263134236260907,0.8559193102524214,0.38877749930381506,0.496994379280046,0.5797196507486047,0.7158260459280785,0.6020326579670938,0.6304123363651928,0.6481131826923923,0.6659218606016619,0.6283243928385507,0.546520139858232
17.1,0.34156654309407897,0.22873417419654482,0.205831047495287,0.24405264154842263,0.1541553595319562,0.2966306933884237,0.31866914880249964,0.3322530005698212,0.2913134726346476,0.3049467196666688,0.38836118072960174,0.5071284118328012,0.5663106830793607,0.6529400725970329,0.5931181072490332,0.5811208368140051,0.574239872133768,0.6339938186533145,0.6227038772322944,0.5984541027657921
29.5,0.6685834546422974,0.608978166097549,0.6167864975697745,0.5672290432566469,0.5373749174210485,0.5447038854366315,0.5379325197658033,0.5576926975060755,0.5873525098877614,0.6377551844626242,0.24131161236424398,0.18727597316559508,0.14088247995765868,0.3023339356277712,0.22578883828615703,0.2744913895533152,0.20464568934477345,0.24606326502320042,0.2237568185419072,0.20633181320105298
22.0,0.12429208585484308,0.07600019532070637,0.0033205554008547272,0.7736581312853009,0.04131908107672977,0.5757236276832678,0.7837995055504386,0.7641886580825633,0.12818108274262827,0.09886692381107137,0.2324592731829574,0.2884297549477677,0.2848886103651944,0.41490222991919956,0.3765775436145715,0.41939153535238227,0.36201336623664027,0.41338408344002553,0.3149668409497295,0.34163987869253454
30.5,0.20503053157481674,0.1747881849142008,0.09090220454009579,0.4219029825044771,0.11561152998422602,0.4504472807903131,0.46472012423220077,0.44136811118943964,0.1686074435107998,0.19115129295995126,0.24131161236424398,0.18727597316559508,0.14088247995765868,0.3023339356277712,0.22578883828615703,0.2744913895533152,0.20464568934477345,0.24606326502320042,0.2237568185419072,0.20633181320105298
10.0,0.4913774165702728,0.37205358146633616,0.29376050676433796,0.5583542843366854,0.3123244053816529,0.5311390699763505,0.5559021992176882,0.5440417658598331,0.4485260847474202,0.5212578092804486,0.38877749930381506,0.496994379280046,0.5797196507486047,0.7158260459280785,0.6020326579670938,0.6304123363651928,0.6481131826923923,0.6659218606016619,0.6283243928385507,0.546520139858232
12.3,0.633044561788269,0.619823007643626,0.681853308766131,0.5261614891858383,0.6821650088782769,0.5798679767839905,0.5710549969624464,0.5950171058943827,0.83284890844267,0.928266910697277,0.34539125591757175,0.4736049317284763,0.44564296220772603,0.4799285825348911,0.45843829608448305,0.46282123789115404,0.4389254318559046,0.45454916127769573,0.556800434575949,0.5392453293443122
9.1,0.4610684061020005,0.4167632860664794,0.41452317116063675,0.4243396128943381,0.4007179794918127,0.4532575650090091,0.45223468193956773,0.4600213063542936,0.6716973760362747,0.7466408571986971,0.3174622319688109,0.4624802995857684,0.593000035717417,0.6982411036464726,0.6159905617730534,0.5929339338248647,0.61274359131985,0.6760379035612059,0.7078189719562706,0.5884344153098386
5.0,0.7253191329682975,0.6003363604257537,0.5508661645824731,0.476707793773247,0.5299735813884174,0.5464726149011221,0.5204403596444073,0.5387376998596844,0.6716061973257741,0.7684940137428764,0.5388579086605401,0.7272625838575155,0.8828760962811677,0.9571253934126502,0.8600318389474,0.8203428612937205,0.8539470795387685,0.8777618305919574,0.9145741382042054,0.8102092872049722
14.6,0.7754378896585211,0.710698237457742,0.6992722659829956,0.5233718487394957,0.6665872755565638,0.5832714824768666,0.556620889927212,0.5830531149844933,0.7929718994052641,0.8800626294551661,0.3666597048175995,0.44893234215261035,0.6178203933461699,0.7140459709719102,0.6249013896743245,0.59876200507443,0.6712977193090306,0.6610289740432367,0.6038794957108258,0.554249626029272
12.9,0.4086845064525432,0.36901078011317245,0.48395361251319846,0.31263560752169717,0.37815471553256025,0.30003693282081184,0.3042205714845232,0.3449624886542537,0.767911430824194,0.7755798973766391,0.21089529379003064,0.3267967475139124,0.40246385235069315,0.5103399835932851,0.46544782826823416,0.5065765237559083,0.489183184185336,0.5059636132336269,0.48046897987822823,0.49398236767801684
12.5,0.4662595486182325,0.43332580061616865,0.3014101958156806,0.5632017151122743,0.3458516259986814,0.6267242720256709,0.593855339136399,0.5575237782067077,0.3976711589657508,0.48775428170141033,0.34539125591757175,0.4736049317284763,0.44564296220772603,0.4799285825348911,0.45843829608448305,0.46282123789115404,0.4389254318559046,0.45454916127769573,0.556800434575949,0.5392453293443122
33.7,0.36024523704698286,0.31749153704904476,0.4054758401766221,0.2939992595398815,0.3472853230009573,0.279547555175748,0.2765389205989056,0.34780033288363266,0.33311435246361465,0.3501671375279103,0.24552353104984675,0.20346169402641612,0.14959752965357365,0.2856484137494706,0.24357858423050271,0.2096185875650518,0.19970316767513552,0.18641897787599793,0.13625766732305733,0.0
29.6,0.2685259373301333,0.2551206389258269,0.16079603709832463,0.3843138689902189,0.21886798478085728,0.4376123737798296,0.4291401106831926,0.40937479588918,0.2885370808999066,0.34547594679853944,0.24131161236424398,0.18727597316559508,0.14088247995765868,0.3023339356277712,0.22578883828615703,0.2744913895533152,0.20464568934477345,0.24606326502320042,0.2237568185419072,0.20633181320105298
12.8,0.2223624453577939,0.22500320802904375,0.07229969710645442,0.7980954676952748,0.15691963379852536,0.7784796198352486,0.88719691088404,0.8561415678864143,0.227896400013768,0.15706429655420795,0.21089529379003064,0.3267967475139124,0.40246385235069315,0.5103399835932851,0.46544782826823416,0.5065765237559083,0.489183184185336,0.5059636132336269,0.48046897987822823,0.49398236767801684
5.1,0.5753639344879943,0.5473045174726863,0.547263591356527,0.4934714664554345,0.5220766053248374,0.5526672686361074,0.5349275243830294,0.5500305180867525,0.7010933923016448,0.7535271830904272,0.6072368421052632,0.8277068020474483,1.0000000000000002,0.9823976322858414,0.9757369847665884,0.9497849334045896,0.9143691434894488,0.9609873845074901,0.7019804893506256,0.6141213165588328
5.8,0.6893214385222579,0.5979856984361852,0.6336364402593425,0.48002049180327866,0.6017282868085905,0.5238700566130117,0.5103039265835734,0.5363030096914634,0.7189758168985609,0.786897672174777,0.4677304372041215,0.6494260728880461,0.8971085127592355,0.8927065181841087,0.8650071176711476,0.8172509871271356,0.8201245290640999,0.8428554885954966,0.7591308481021257,0.6576819725648708
10.7,0.47845729028133654,0.40679852328461297,0.4805181873046457,0.3313020905083345,0.41131602740190826,0.32703261050526894,0.3176948164311989,0.3774715708819165,0.41606874327699483,0.40137112006692466,0.22186020607073237,0.573843428778644,0.6855146392703255,0.767121157692122,0.6775526556979483,0.6553175150857931,0.6918476494919601,0.6991934891989529,0.6351146420406963,0.5842582193991916
26.1,0.17649292063066685,0.21062442440009851,0.08126132027729499,0.6173866062818569,0.16134712964546105,0.6026700980565027,0.659564893068228,0.6145892220477975,0.21368163904673568,0.21445520261287604,0.17802283486494014,0.23662812591528481,0.24103086958921738,0.37739465655812876,0.326564159201828,0.34495488530646345,0.3246875795870694,0.3712159638578778,0.2739480772277678,0.26395626929529814
16.9,0.0,0.0,0.0,0.552421993387519,0.0,0.41240729547596194,0.5838949611822607,0.6005509021416715,0.0,0.0,0.27337092731829565,0.47543201439350624,0.5054728823630643,0.59287219383515,0.5850140669291548,0.5531025107533296,0.5253405228815569,0.5861678096993319,0.36531540707543964,0.44512746832047356
6.4,0.5363901065361605,0.5751604298418243,0.5533235960722349,0.4876704780272765,0.6806614565696254,0.6298516700277994,0.6034033140323878,0.601125227759522,0.7404461237536726,0.867005851476458,0.47721498189919237,0.701832661543397,0.8484237254564526,0.9033826785838752,0.8519400307398302,0.8400537536774055,0.8301634334191048,0.844839064806282,0.7853846676173015,0.7086256518912233
21.1,0.803505304931388,0.6952429187727046,0.6200796691465031,0.5364030858244937,0.5706759399031474,0.5694961690741343,0.5362515552539305,0.6016973011200476,0.584769872912834,0.6382239867772406,0.2877717441752528,0.345232848435822,0.310621385640949,0.4021128560373315,0.3643077599456823,0.3296823033139453,0.31552397930955767,0.31207645950728646,0.2187727756275324,0.36247804295472497
11.5,0.5091992757619374,0.45417515043668943,0.42370564309488423,0.34376291500206635,0.39773083353347444,0.3970682830721655,0.3730364127783208,0.3907373665256003,0.5177421233561335,0.5934565333145811,0.42836953494848234,0.5641919692045916,0.6740720777470752,0.7399696529390001,0.6746701318408974,0.6403484649589324,0.6276317522767392,0.6698117054156096,0.6349652565582491,0.5901599094286092
27.7,0.6309138689644423,0.5896448229224747,0.5477294720007511,0.5104912866786058,0.5612421470993083,0.5740833839758579,0.5479338968543775,0.5499989864842039,0.7527552496712439,0.8163245201665769,0.1454232804232804,0.2027922286224355,0.21852727349475431,0.3325818057037462,0.29597988969825706,0.2923997696270968,0.26030043295365735,0.2844650851770001,0.22777098752857583,0.27764655333118116
17.2,0.45591372463943824,0.3921892157987197,0.5132756423729471,0.35148178123708496,0.4451492807897242,0.34882324815821136,0.3439029101909137,0.39684548839073963,0.44753451627072693,0.46503954252496293,0.38836118072960174,0.5071284118328012,0.5663106830793607,0.6529400725970329,0.5931181072490332,0.5811208368140051,0.574239872133768,0.6339938186533145,0.6227038772322944,0.5984541027657921
28.4,0.11180493457823523,0.09493154122799943,0.007318593723271871,0.7543867957018874,0.04283261271486327,0.6414372580811392,0.7679955450822865,0.7365264336180939,0.13678607354611558,0.0874474695919931,0.03740740740740739,0.09815339126068712,0.11186694937543229,0.22971545609059074,0.20635041633501094,0.2241466084854018,0.19970316767513552,0.22115847244081643,0.1444059663656323,0.18459831679071725
29.9,0.5483067942438935,0.44957602915275097,0.35713805608278304,0.2973033475685355,0.2682689921609041,0.3667210407455673,0.335893608693167,0.32640163603972083,0.3045503419315617,0.44451043576125415,0.24131161236424398,0.18727597316559508,0.14088247995765868,0.3023339356277712,0.22578883828615703,0.2744913895533152,0.20464568934477345,0.24606326502320042,0.2237568185419072,0.20633181320105298
10.8,0.28274119062963077,0.25706532909835644,0.32630458138490315,0.32183969899435183,0.2947940499245895,0.31219113869272036,0.3217151433197095,0.37207065781679693,0.21525675127063235,0.2167010191065451,0.2591200222779169,0.3652561402530021,0.5870384741519548,0.7127269997694481,0.5796957572297989,0.6060260155346051,0.672878483169256,0.7168078808092833,0.6314931757995517,0.5569776799719919
10.1,0.3075878794950023,0.31374410489176163,0.22585395744269224,0.4493279893924782,0.25940734758071116,0.507232517940849,0.49160108613942255,0.473627192854038,0.2839029229387172,0.3675286610847516,0.38877749930381506,0.496994379280046,0.5797196507486047,0.7158260459280785,0.6020326579670938,0.6304123363651928,0.6481131826923923,0.6659218606016619,0.6283243928385507,0.546520139858232
14.4,0.404034962504364,0.34286846626686485,0.26398290964867266,0.29430276208844186,0.2422362479850071,0.34280902123104123,0.32316217159391847,0.29819661755994953,0.2658609355984253,0.3652606715086343,0.39716130604288497,0.4925190727904156,0.61106493101668,0.6950509090714121,0.6243044094105719,0.6085580420378662,0.6170748842968676,0.6263433012305608,0.6306002580294696,0.598200848424776
10.0,0.18372436294183583,0.1734839649649161,0.14677729731613628,0.40998674059787843,0.09655433711638628,0.4165215734420487,0.5169120223691277,0.4928457046074428,0.17844334690604421,0.16637825821568136,0.38877749930381506,0.496994379280046,0.5797196507486047,0.7158260459280785,0.6020326579670938,0.6304123363651928,0.6481131826923923,0.6659218606016619,0.6283243928385507,0.546520139858232
21.9,0.3773849706929089,0.2695170241300563,0.3310807470733982,0.20849548835927809,0.2589782364129766,0.2279482218801403,0.2220679529300996,0.2404982894105618,0.3631235455571008,0.456043606217459,0.25471595655806173,0.24858087281552055,0.2912917690836534,0.383611514725831,0.37547798308422986,0.48232510597672396,0.30949248698065346,0.3743400719254324,0.24369751703220843,0.29441612825490937
24.7,0.3235281963962503,0.20835949911594667,0.19364346758875475,0.3507520836203333,0.1262731129586916,0.3811825227658992,0.3992252128277126,0.39123286313707917,0.18376362466374999,0.19208256242277033,0.23111876914508506,0.23913164758225358,0.225736238782837,0.3212588489920951,0.2913724607287149,0.3595719768312655,0.2994651748939572,0.31233904441925486,0.2461857661287279,0.2667839729862036
47.6,0.5830997547082615,0.5560598816947023,0.6381494367289631,0.4347512570602011,0.5800465302869324,0.46989510368117166,0.4528327869595741,0.49543805278840725,0.7230423873868843,0.8214243291296336,0.023086883876357545,0.09352989581444648,0.10058024567088686,0.12541485933654695,0.05718778419717463,0.1088978939558245,0.07622970255293371,0.04684938879692058,0.10712749824585233,0.04551303327771117
27.8,0.38258294965670403,0.3321701152505726,0.26214677089590266,0.35549834687973547,0.25075526891964445,0.37737989110422027,0.3644193594054065,0.35169673805571644,0.3277279701407959,0.4111177735944562,0.1454232804232804,0.2027922286224355,0.21852727349475431,0.3325818057037462,0.29597988969825706,0.2923997696270968,0.26030043295365735,0.2844650851770001,0.22777098752857583,0.27764655333118116
21.3,0.009948398493793864,0.01577896055316641,0.007051868163601621,0.5854133661661386,0.022358355060551255,0.440130147870704,0.593274116112925,0.6484226315825037,0.018538683365743575,0.004156185925730943,0.32928306878306884,0.4218747820750639,0.4489783195280106,0.5117704775640854,0.4890196405177196,0.47278849795829414,0.44696203532129,0.4624325801006304,0.35801724723297323,0.4213724839385824
10.6,0.20816314376927694,0.15757668325000027,0.1799568900368757,0.20007275451164072,0.14900269907598068,0.24679188833876942,0.2581375443785484,0.26840826218077063,0.19458653760016267,0.22191802864825605,0.22186020607073237,0.573843428778644,0.6855146392703255,0.767121157692122,0.6775526556979483,0.6553175150857931,0.6918476494919601,0.6991934891989529,0.6351146420406963,0.5842582193991916
9.9,0.5805535577936567,0.45211974067769467,0.4429525594806889,0.3029041534646645,0.35234151660527163,0.3496433700119164,0.3253327140052319,0.3229714481338922,0.6052736854366401,0.7957352293219376,0.33507101086048446,0.5329897674072628,0.6818346629953491,0.8826991369496018,0.7714403223604787,0.7944388811348457,0.8359852110758854,0.8904450080324886,0.692214602053673,0.38575137425717343
12.8,0.5074833274236044,0.47156664240298973,0.6025611343873616,0.42509944551591117,0.5564121516299239,0.4577901051204855,0.43815027340393375,0.48689524075504687,0.47620794125538046,0.46586944932516217,0.21089529379003064,0.3267967475139124,0.40246385235069315,0.5103399835932851,0.46544782826823416,0.5065765237559083,0.489183184185336,0.5059636132336269,0.48046897987822823,0.49398236767801684
7.3,0.4495368382736542,0.41326000479217073,0.38751276281803027,0.3926268253202919,0.3699716653571569,0.4378174042432558,0.42306741535909564,0.4426091049754617,0.4841473274722139,0.482211011089392,0.6854218880534668,0.8748239166515572,0.9876774912086452,0.9999999999999998,0.9410589463719377,0.8739538527792623,0.8983586401917993,0.9161342934264067,1.0,0.908260092662899
10.5,0.4714354990287688,0.4616245913311673,0.5264483286798614,0.4719830555172888,0.502064723269867,0.5186896202371081,0.49222572001112286,0.4867105556544047,0.5340517151969154,0.6721709760052403,0.4499533556112503,0.5800499309613802,0.6807674698756059,0.7745363494523052,0.6520141325216411,0.6752520352200735,0.6811458781582345,0.7019726487641382,0.6747153753876098,0.6087697840745303
20.0,0.5251426310843245,0.4312476791471298,0.4847751272369828,0.3268012122881939,0.45721761657686383,0.3709364670736111,0.3537282321727925,0.3953927824161767,0.6564978849958366,0.8318456778802279,0.2608326371484266,0.27548501373798806,0.18267185759790627,0.32697081642172776,0.3408504686317231,0.2854029709802781,0.30109336166998935,0.20208110774951682,0.29219347683393315,0.3916667045563047
37.7,0.20490823512396608,0.23878353809832578,0.10964909941003861,0.892303950268632,0.21536191368944463,0.7586518071521735,0.9017564270363728,0.9099367340917436,0.225129126150077,0.17414770630548615,0.12125452520189356,0.0,0.17230081857825197,0.07388919569565022,0.015359278411740118,0.07439903284889282,0.12243016097445314,0.12025247294641472,0.1240985944184152,0.024757089530183407
24.5,0.3769140154163412,0.32440043924447226,0.4556060200314451,0.3177693208430913,0.3929241231662151,0.3182053656198905,0.34197353915863504,0.3934671024033839,0.4356812839056584,0.44540052664238394,0.23111876914508506,0.23913164758225358,0.225736238782837,0.3212588489920951,0.2913724607287149,0.3595719768312655,0.2994651748939572,0.31233904441925486,0.2461857661287279,0.2667839729862036
24.9,0.5812068183385732,0.5672113313263751,0.4836193164784117,0.590129494420719,0.5166678087454852,0.6629299181272355,0.6538081322506667,0.6477469543850325,0.6175828113542113,0.6047299619478229,0.23111876914508483,0.2391316475822537,0.22573623878283477,0.3212588489920969,0.2913724607287165,0.3595719768312673,0.2994651748939572,0.3123390444192533,0.24618576612872967,0.26678397298620493
16.9,0.24818522701411624,0.28501663064967975,0.16031273038420216,0.6630734260917481,0.22161230038846208,0.6331321574426196,0.7061423215012242,0.7418913105660149,0.35840732675646103,0.3589255050948992,0.27337092731829565,0.47543201439350624,0.5054728823630643,0.59287219383515,0.5850140669291548,0.5531025107533296,0.5253405228815569,0.5861678096993319,0.36531540707543964,0.44512746832047356
9.4,0.5835144991937551,0.5381403424698757,0.588773201122808,0.4121887484501997,0.5423978465937556,0.45428818480516503,0.4421850705751864,0.48120153423768974,0.8127120902286284,0.9088496256391787,0.24455931495405175,0.377749340994993,0.4939523919304616,0.5219024283010472,0.5398828908204201,0.4419942821860521,0.5073356225135903,0.5283143190325132,0.6451664742762726,0.5612743649317757
19.8,0.5087154071955283,0.4446816556382388,0.5088835614903771,0.35226529136244655,0.424192688877106,0.36303869362243174,0.3617495922394909,0.406304969155336,0.5849864223502727,0.5873082543100512,0.4658660540239487,0.6172540760680065,0.8701996603598368,0.992697403342466,0.8578912192934094,0.8273033398882379,0.9014938218479129,0.9875264012003879,0.8722799393404403,0.6141213165588326
34.7,0.3711554477523735,0.37941103993513536,0.28012478488583614,0.48538021766083483,0.30916428437895643,0.49446868815768646,0.518043116136801,0.5242106401140544,0.15175077940701473,0.1451893438699821,0.18338902812587016,0.101730847013208,0.1609491741159128,0.1797688047225603,0.12946893132112147,0.1420088102069721,0.16106666432479444,0.15333572541120644,0.13017813087073615,0.012378544765091704
3.9,0.6519762043010068,0.5742860290051248,0.6077142722001907,0.4073649951783992,0.5237298475757215,0.45286664025874307,0.43125277196353773,0.46836366748573766,0.7225317866080814,0.8204202052530565,0.9999999999999998,1.0,0.9088264230955312,0.8160142405996493,0.8372774508987058,0.7881243806133937,0.7793218523039636,0.765164278666199,0.8630452004255225,1.0
10.1,0.742774862412695,0.6798954807103769,0.6763836566224934,0.48628426780548273,0.6427400045372684,0.5634217998776925,0.5672276071771637,0.5486476320892615,0.7026069588959536,0.8112563870355887,0.38877749930381506,0.496994379280046,0.5797196507486047,0.7158260459280785,0.6020326579670938,0.6304123363651928,0.6481131826923923,0.6659218606016619,0.6283243928385507,0.546520139858232
19.1,0.6089263343910079,0.6116922154478237,0.6743529860282039,0.5522627083620333,0.6295539838481228,0.5710817379912974,0.5592954805207083,0.6340149414750935,0.5398164891683113,0.5453536147350903,0.2986963937621832,0.4497953248999289,0.489615972828787,0.601548718828582,0.5263225306644874,0.5118870342601864,0.5209288744083114,0.6102028916959559,0.49686290486860885,0.5381063668232267
16.9,0.11946175584888474,0.0633344424218405,0.020977787451024743,0.7680702403912384,0.02398664898773009,0.5969811861313021,0.8326318863774104,0.8166955330980475,0.09736723752897489,0.08482787827991362,0.27337092731829565,0.47543201439350624,0.5054728823630643,0.59287219383515,0.5850140669291548,0.5531025107533296,0.5253405228815569,0.5861678096993319,0.36531540707543964,0.44512746832047356
19.3,0.2744128782872298,0.21308069584137232,0.259360022248468,0.22235543807687005,0.20265822725860505,0.2345173979283175,0.24030533261271328,0.28247586143212033,0.4805024585199553,0.49351611555470243,0.2824296853244223,0.4194674960599174,0.46709549213729784,0.564889629991046,0.5048862856747784,0.4865465337698658,0.49086406309004227,0.5711114191817461,0.5232774269482361,0.5535321478423367
14.3,0.39036510579934325,0.3620530477411501,0.45930105811807687,0.29351925196308026,0.3877747891534003,0.31244537646736886,0.2948438282676491,0.3516629541958428,0.58883872286892,0.6684934119020672,0.39048116322552423,0.468427533358704,0.5876888094550032,0.7025582066893745,0.6225415796848675,0.6002229606475937,0.6244258126192632,0.6426876392870828,0.6279286183136255,0.5918714385093393
14.0,0.3272852041348051,0.364751198894394,0.28671752945272544,0.6833542843366855,0.3968892434138089,0.6774078025846415,0.7109416319440173,0.717918283599738,0.47130936503373966,0.4919735025329579,0.34405759769794847,0.4516171773664903,0.5316440077539264,0.6997124356822815,0.5927415709223192,0.581862803596723,0.6048828039238072,0.6292594616193821,0.5920704978761608,0.5132227259018114
15.0,0.4665595927057232,0.37959727595749726,0.3920791043995847,0.2903938214630114,0.35902434091518437,0.3329292866334081,0.3240014479929597,0.3404782443203701,0.5266115324200722,0.5353662248838368,0.31848370927318287,0.3295094771196252,0.32287895367451047,0.39575570079728073,0.4047499596694848,0.4061152590916872,0.43359825764694526,0.46904189126375084,0.4773047237500285,0.45439830496915024
12.7,0.2635953394265831,0.2862981388889204,0.15209509370780178,0.6690853595536576,0.2385671811787185,0.6867544579773663,0.7126008910317769,0.6777357606661276,0.3016189463889698,0.3136924169008302,0.21089529379003064,0.3267967475139124,0.40246385235069315,0.5103399835932851,0.46544782826823416,0.5065765237559083,0.489183184185336,0.5059636132336269,0.48046897987822823,0.49398236767801684
28.5,0.12148230590641723,0.16005225964481154,0.04147013438344965,0.7588209464113513,0.08648652424611158,0.7969186928460499,0.8922229224231258,0.8305806995060799,0.278238445548872,0.17136308390832888,0.03740740740740739,0.09815339126068712,0.11186694937543229,0.22971545609059074,0.20635041633501094,0.2241466084854018,0.19970316767513552,0.22115847244081643,0.1444059663656323,0.18459831679071725
11.8,0.6012201387768472,0.5807588663677048,0.7050619887982378,0.50204487532718,0.6723453486677928,0.5185884718751512,0.52357558757186,0.6013504534920124,0.6308037243767879,0.6053634785891964,0.36237816764132563,0.4962691250924003,0.6089473211396237,0.7619989741335091,0.6440898510696009,0.6241203196856411,0.6745382852224926,0.6959022075073187,0.6209818700346301,0.568105108887242
33.2,0.3911505376638128,0.34712123397263006,0.46487028780399153,0.3127841300454608,0.38693652547689555,0.32750007996188074,0.3074860319566547,0.3635120799821622,0.4628069502795654,0.46440602588358937,0.24552353104984675,0.20346169402641612,0.14959752965357365,0.2856484137494706,0.24357858423050271,0.2096185875650518,0.19970316767513552,0.18641897787599793,0.13625766732305733,0.0
30.2,0.20913695774437338,0.14647576717317565,0.07856490268606864,0.7092811509849841,0.02368893232484448,0.5664289133412777,0.811051871381374,0.7783778792294579,0.18630751068671478,0.1302259975590604,0.24131161236424398,0.18727597316559508,0.14088247995765868,0.3023339356277712,0.22578883828615703,0.2744913895533152,0.20464568934477345,0.24606326502320042,0.2237568185419072,0.20633181320105298
15.5,0.24022076560312813,0.2955151186175836,0.15114021620418233,0.8209593263534921,0.2459585378818674,0.8059783055899781,0.8966797695076897,0.8893848860019956,0.2015001633238652,0.1544801821740454,0.35952079272254706,0.47119206683496295,0.4982882698591542,0.5701226214284563,0.5346762656247506,0.536275949380224,0.5446416496149082,0.5887153726340852,0.5357340636623587,0.512478573409658
81.4,0.14354048377133696,0.12684319721826978,0.024848864407038845,0.6147756233640996,0.07606644104511523,0.6123502696697343,0.7005302635110838,0.7049182543203927,0.11532716402981633,0.08232010265503653,0.0,0.10233755003556544,0.0,0.0,0.0,0.0,0.0,0.0,0.0,0.15231634513519765
7.1,0.8473421259164259,0.8736036556768485,0.8074810473708149,0.7154954194792671,0.7574091531740588,0.7620389104079752,0.7053319856676672,0.7049632994668907,0.6947359567119954,0.8221243650183513,0.5168105448807201,0.7127458774413409,0.8439506060596218,0.9099167689852321,0.842831538994733,0.8162222648838708,0.8326199404578947,0.864496399650974,0.7815531563341707,0.652212527526822
24.6,0.4636100453848967,0.39105363029651274,0.4115109505067608,0.3195085411213666,0.33107889192186585,0.3361715016950551,0.3218743164298725,0.3368295874540259,0.4422507099972214,0.4735001572705062,0.23111876914508506,0.23913164758225358,0.225736238782837,0.3212588489920951,0.2913724607287149,0.3595719768312655,0.2994651748939572,0.31233904441925486,0.2461857661287279,0.2667839729862036
11.5,0.5915837861340436,0.500109584000963,0.47690138871551724,0.4030212494833998,0.4320031774185072,0.4653324924350594,0.4498929078491395,0.46274653771742735,0.6938218901392277,0.7696438464469694,0.42836953494848234,0.5641919692045916,0.6740720777470752,0.7399696529390001,0.6746701318408974,0.6403484649589324,0.6276317522767392,0.6698117054156096,0.6349652565582491,0.5901599094286092
14.4,0.5467594782787831,0.4855740895727132,0.49252795017139783,0.38413521146163376,0.4411209581220766,0.45182235176502533,0.42957421916545535,0.4577510309707905,0.6255267565065699,0.6806886072485073,0.39716130604288497,0.4925190727904156,0.61106493101668,0.6950509090714121,0.6243044094105719,0.6085580420378662,0.6170748842968676,0.6263433012305608,0.6306002580294696,0.598200848424776
6.0,0.4969081026488045,0.4238266278902071,0.44749045033587864,0.5269191693070671,0.4665017194384698,0.5626426841166727,0.5573829914849621,0.589947274656024,0.5337781790654137,0.5026767661889634,0.5755151768309661,0.8910584526980851,0.8405671925785703,0.9108193170302774,0.8525250448067592,0.8161634609896695,0.7977588281270585,0.8621266115945101,0.8374640682646386,0.6260883798542309
13.2,0.3720001288290564,0.29042712777494506,0.21543423454565433,0.13492087408733985,0.20990987334900313,0.21062451459037784,0.19681007440378215,0.18354095392106742,0.23228665492436842,0.28048347456003053,0.3958994708994708,0.5619046290743248,0.595091128118374,0.6883099475092354,0.6849982892770468,0.6781472622463434,0.7239898479832088,0.671793324471772,0.6387361082818406,0.5919877055702314
22.5,0.23272346144228387,0.21044727306175423,0.18235777570798742,0.3149753753960599,0.18561685894616953,0.3037520848180956,0.3106212598841075,0.3234173950842232,0.09455209484227109,0.13266535338666907,0.23417525294718272,0.2629325374133531,0.2903696103229829,0.4373980165389695,0.398396352348654,0.4420997832903546,0.3746656245334552,0.4384792908576416,0.31538595021992855,0.32624039308226127
14.2,0.23797461277601403,0.24402369739826,0.20185861482659814,0.367096018735363,0.2505523558868398,0.37315352981812705,0.3636789632717695,0.39684548839073963,0.2571989581008751,0.24457575132697978,0.3131787802840435,0.33160155650706424,0.46076766469787933,0.6778814963352975,0.5514448961068201,0.5705568901733502,0.6016808789047063,0.6216999518866153,0.5480953350987985,0.5210810368423686
